id,domain,status,purchase_price,renewal_price,attractiveness,demand,length,registrar,created_at,expires_at,status_verified_at
a68a689f-e4b4-4948-80a8-020f5487ef12,dna.tours,resell,,,high,medium,3,Dynadot Inc,22/01/2026 17:01,22/01/2027 17:01,26/09/2026 05:37
b0a3f737-4f8c-4087-8eff-36a9242d5517,multiple.tours,available,10.99,61.99,high,low,8,namesilo,,,25/09/2026 22:06
5fcab4f1-ca55-479e-b2e6-2626b6defb9f,athletic.tours,available,10.99,61.99,high,low,8,namesilo,,,21/09/2026 16:12
c74df48a-df26-4029-a7e9-9cc91dd6a9d4,gill.tours,available,10.99,61.99,high,low,4,namesilo,,,24/09/2026 08:09
332a4012-8fc4-4629-9777-38cd8b44faf7,caprice.tours,available,10.99,61.99,high,low,7,namesilo,,,24/09/2026 12:38
94de9857-da6f-4db8-9f41-719d63fe428e,bonnily.tours,available,5.98,81.98,medium,low,7,namecheap,,,14/09/2026 01:04
9e40fc4b-1283-4763-8ff6-a9b01b3422fc,bombard.tours,available,10.99,61.99,medium,low,7,namesilo,,,22/09/2026 07:59
f1464df0-90e3-43e7-9534-aadaf25417e7,barrio.tours,available,5.98,81.98,medium,low,6,namecheap,,,22/09/2026 08:38
78c03070-a869-4e52-bf2a-d3264ca8d72b,analogical.tours,available,5.98,81.98,medium,low,10,namecheap,,,
42cf8be5-fe1d-4e9b-95a2-7c9dfb40d04c,baklava.tours,available,5.98,81.98,high,low,7,namecheap,,,21/09/2026 20:21
af2cf7a2-a965-4439-9f7a-e5895ccb9eff,bailey.tours,available,9.99,83.99,high,low,6,name.com,,,21/09/2026 19:05
2ceac66d-fcaa-45d3-9f12-24be6edf78a5,multipurpose.tours,available,9.99,,medium,low,13,name.com,,,
2a439476-525f-4db6-899f-86e0b74edc43,enthusiasm.tours,available,9.99,,high,low,10,name.com,,,
be946184-4fe1-48aa-bf88-b58048e29a5a,querier.tours,available,10.99,61.99,medium,low,7,namesilo,,,20/09/2026 14:26
b3caf70b-b23e-4956-930d-13876b39dd44,chance.tours,available,10.99,61.99,high,low,6,namesilo,,,23/09/2026 13:44
a3f1f95a-d093-43bf-8c64-47b58d284583,nacreous.tours,available,5.98,81.98,medium,low,8,namecheap,,,03/09/2026 12:37
515110da-a692-4b93-84dc-d863d76a9c20,darkening.tours,available,9.99,83.99,medium,low,9,name.com,,,13/08/2026 18:10
04802a7f-37ec-4d29-ae09-ccd3824a5aba,jaundice.tours,available,10.99,61.99,medium,low,8,namesilo,,,17/09/2026 03:10
16114d9a-d6e3-487e-8e27-ac1f30ec6abd,beeline.tours,available,10.99,61.99,high,low,7,namesilo,,,23/09/2026 01:18
4d95bb1f-fbdd-4887-bffc-72a27413c928,cuba.tours,available,,,high,high,4,,,,
71ff20b1-1d2e-4ee0-ab80-6da5d5997d8f,health.tours,resell,,,high,medium,6,"GoDaddy.com, LLC",24/09/2016 17:45,24/09/2027 17:45,26/09/2026 06:36
74e7387d-2835-44e3-834d-b8ecebe2bcf3,phrase.tours,available,9.99,,high,low,6,name.com,,,
29f00731-320b-4119-b7d5-9b25686f0f98,squatting.tours,available,5.98,81.98,medium,low,9,namecheap,,,10/09/2026 17:35
67cbf8ee-325b-4040-956b-d89c24eda118,shears.tours,available,9.99,,high,low,6,name.com,,,
08833506-02df-414b-a453-67c5e4fa7aac,scurrilous.tours,available,5.98,81.98,medium,low,10,namecheap,,,
c390ef9d-c282-4dad-833f-168077f79074,ismaili.tours,available,5.98,81.98,high,low,7,namecheap,,,22/08/2026 10:53
4f968c77-c907-4c33-b0f4-47226f2dd1cd,alumnus.tours,available,5.98,81.98,high,low,7,namecheap,,,20/08/2026 17:42
7561f469-683d-46c1-a052-9b0002eaa75c,stylistic.tours,available,5.98,81.98,high,low,9,namecheap,,,10/09/2026 23:19
11c6ef87-3f92-48a6-929f-82572918d85d,schismatic.tours,available,5.98,81.98,medium,low,10,namecheap,,,09/09/2026 23:07
df5ce39d-77e5-4391-b6dd-49fa4bccb66e,rescue.tours,available,9.99,,high,low,6,name.com,,,
7accefe3-d8d7-42aa-aede-ac77bd97b820,libber.tours,available,5.98,81.98,medium,low,6,namecheap,,,18/08/2026 01:03
cb6f3135-7df9-4fa4-a17a-ac7caf6a62b5,undefiled.tours,available,5.98,81.98,medium,low,9,namecheap,,,12/09/2026 06:15
89dba78f-af9d-4ba6-ae5a-7cc3427089f3,trichrome.tours,available,5.98,81.98,medium,low,9,namecheap,,,11/09/2026 19:24
ee0e77a1-789b-4f43-ad12-ce3fa229cad9,capability.tours,available,10.99,61.99,high,low,10,namesilo,,,24/09/2026 12:11
a5d7a029-ef3f-43b7-a38b-ffea8663a8f3,lunger.tours,available,5.98,81.98,medium,low,6,namecheap,,,12/08/2026 23:06
ef54bdb1-9218-406f-9bfa-5f0815ed104d,smatter.tours,available,10.99,61.99,medium,low,7,namesilo,,,24/09/2026 04:48
49b3f460-eb94-4a55-a9bd-f8128a7a0332,chargeman.tours,available,5.98,81.98,medium,low,9,namecheap,,,24/09/2026 04:25
4911f244-20c7-4748-aeee-9c7ba17b8f68,records.tours,available,9.99,,high,low,7,name.com,,,
0132886c-fdf4-478a-9845-5dde3f9ca5b5,liege.tours,available,5.98,81.98,medium,low,5,namecheap,,,18/08/2026 03:03
b4682c39-129d-41ed-be65-4e5fa2cc217e,pellmell.tours,available,5.98,81.98,medium,low,9,namecheap,,,21/08/2026 01:07
cfbdeffc-9146-4c50-ad15-97d2b470c3a8,unethical.tours,available,5.98,81.98,medium,low,9,namecheap,,,12/09/2026 09:19
cfdae4a3-4bc7-46a4-ae60-a650626054e5,surmise.tours,available,5.98,81.98,high,low,7,namecheap,,,11/09/2026 04:51
543997f6-c1fd-4174-bc59-e5cfbf640b61,atticus.tours,available,10.99,61.99,high,low,7,namesilo,,,21/09/2026 01:46
dc66b507-095d-4345-b433-42c9fedeefcd,dullard.tours,available,5.98,81.98,low,low,7,namecheap,,,10/09/2026 23:07
c084a593-ed6a-4569-86bf-4888d6155805,operose.tours,available,5.98,81.98,medium,low,7,namecheap,,,06/08/2026 17:05
a44feb3a-1a69-418c-a201-7a5d002e94fe,magnetized.tours,available,5.98,81.98,medium,low,10,namecheap,,,24/08/2026 13:04
395abdc8-2676-4c1f-ba04-50d6374fb99d,elapsed.tours,available,5.98,81.98,medium,low,7,namecheap,,,16/08/2026 00:41
f539c7ab-5bd4-485f-9a48-844fcbe798d5,blackwash.tours,available,10.99,61.99,medium,low,9,namesilo,,,20/09/2026 15:47
63f50896-25a1-46bf-a0e4-dfb4d2cc25fe,roadblock.tours,available,10.99,61.99,high,low,9,namesilo,,,22/09/2026 08:30
71717974-417b-4269-a8e9-277c7fc7ad60,nautical.tours,available,5.98,81.98,high,low,8,namecheap,,,24/08/2026 15:58
638d30cb-299c-4e17-9c45-80bc5bbf3a11,mayoral.tours,available,5.98,81.98,high,low,7,namecheap,,,24/08/2026 18:00
39ddca8c-e2a4-41c2-9ff6-2ef37d8caa80,amass.tours,available,5.98,81.98,high,low,5,namecheap,,,12/08/2026 16:53
f77f0e14-ddd2-4962-ac8e-3e4b3b7fb627,pals.tours,available,10.99,61.99,high,low,4,namesilo,,,20/09/2026 10:42
07c6027c-03c2-4f2a-ae32-d8a9575353a6,endermatic.tours,available,5.98,81.98,medium,low,10,namecheap,,,17/08/2026 00:58
af8262cf-9a69-4a67-b22d-c67b8b6f3acb,granddad.tours,available,9.99,,high,low,8,name.com,,,
3e3d9a5b-3fc3-4e53-bd64-b558f2654963,hotfoot.tours,available,5.98,81.98,high,low,7,namecheap,,,09/09/2026 19:44
daffc3fd-a93b-452f-8ab7-ef840a3dbd40,overs.tours,available,10.99,61.99,medium,low,5,namesilo,,,20/09/2026 10:07
f5be8584-089c-4e3b-ae28-3df307f7d14f,apulia.tours,available,10.99,61.99,medium,low,6,namesilo,,,19/09/2026 22:42
ac0af960-9104-469d-a75f-a6bc46a1d04f,fortissimo.tours,available,5.98,81.98,high,low,10,namecheap,,,18/08/2026 12:41
8be0ab00-c41a-4746-9870-742a2897dddf,diametric.tours,available,5.98,81.98,medium,low,9,namecheap,,,14/08/2026 05:56
45f5bb4e-6f82-4e52-b091-bbe61bae3072,delight.tours,available,9.99,,high,low,7,name.com,,,
5427496f-e614-47d5-bf20-19e91d582bb4,anguine.tours,available,5.98,81.98,low,low,7,namecheap,,,
fa2d80a9-d42b-45eb-9eab-6fa906c76e83,granting.tours,available,9.99,,high,low,8,name.com,,,
a8218bd1-6ab4-4549-857e-e3fcfacb1155,welkin.tours,available,5.98,81.98,medium,low,6,namecheap,,,16/08/2026 21:01
ca6d20f8-ea43-458b-9302-3acdddd20db0,inflexibly.tours,available,5.98,81.98,medium,low,10,namecheap,,,15/09/2026 08:16
fe5e7424-3663-4d5a-b195-db00b87da432,slowly.tours,available,5.98,81.98,high,low,6,namecheap,,,22/08/2026 23:55
784f6eac-3569-42ab-a941-51c5f4062089,mabel.tours,available,10.99,61.99,high,low,5,namesilo,,,25/09/2026 13:35
8bed5cf2-2555-4492-b557-a5ed50e48733,world.tours,resell,,,high,medium,5,GoDaddy Online Services Cayman Islands Ltd.,19/09/2016 07:53,19/09/2031 07:53,26/09/2026 10:13
2e461775-ba52-488e-bc1f-25067356a8c7,agaragar.tours,available,9.99,83.99,medium,low,9,name.com,,,17/09/2026 16:15
00a2aa3a-9c1d-47fb-bbac-accf20cf7c49,forces.tours,available,5.98,81.98,high,low,6,namecheap,,,16/09/2026 15:45
dc790b30-e894-4416-aa37-7155f9f5f9a4,paved.tours,available,5.98,81.98,high,low,5,namecheap,,,08/09/2026 10:53
0c97ce7f-9336-4e9a-9ded-6d63907c9624,foretoken.tours,available,10.99,61.99,medium,low,9,namesilo,,,21/09/2026 03:42
65d47983-e71a-4f9f-bdbb-08d47d0d5ea6,belated.tours,available,5.98,81.98,medium,low,7,namecheap,,,09/08/2026 12:37
3c97198f-2eba-40d7-ac19-f56ee2068550,chemistry.tours,available,5.98,81.98,high,low,9,namecheap,,,25/09/2026 04:08
b049d4b8-721e-4d52-a770-7ea52b08fca5,mold.tours,available,10.99,61.99,high,low,4,namesilo,,,24/09/2026 15:22
22df5927-eb36-42c5-aebf-22066a0676f7,prance.tours,available,5.98,81.98,high,low,6,namecheap,,,11/09/2026 05:09
0366f995-dc50-4d2f-82a7-fb13ffcfed6b,afl.tours,available,10.99,61.99,high,low,3,namesilo,,,17/09/2026 15:04
39e87d21-42f7-4717-9402-8de6b578e16f,gratefully.tours,available,5.98,81.98,high,low,10,namecheap,,,13/09/2026 20:28
79e4ebe6-a73f-4501-813e-f442d6f6e586,backlog.tours,available,10.99,61.99,high,low,7,namesilo,,,21/09/2026 15:41
37642833-c689-406e-b789-12b881ecaae8,googler.tours,available,9.99,,high,low,7,name.com,,,
259b968c-dba7-47d8-8260-f99a0d048374,bathtub.tours,available,10.99,61.99,high,low,7,namesilo,,,22/09/2026 13:40
4b752a6e-02ec-4527-8c8a-a3d8cb595cec,biography.tours,available,5.98,81.98,high,low,9,namecheap,,,23/09/2026 18:09
0db8e406-d59d-4d3a-9a07-c5691cb37605,backs.tours,available,10.99,61.99,medium,low,5,namesilo,,,18/09/2026 06:41
b337e923-e3af-460b-8ef2-0105fcec17cd,attachment.tours,available,9.99,,high,low,10,name.com,,,
2d35abec-60d1-4c93-b9d0-99b53f3f6def,filings.tours,available,9.99,,low,low,7,name.com,,,
ee4bc32c-a931-49c8-a82b-113d795917c2,convince.tours,available,9.99,,high,low,8,name.com,,,
f0b2040f-21d7-4f08-bcc9-ba5f81e28c32,anodal.tours,available,5.98,81.98,medium,low,6,namecheap,,,
fa19c04f-4ffb-4d1a-8ac3-ae35120c1366,expense.tours,available,10.99,61.99,high,low,7,namesilo,,,24/09/2026 22:30
63a4192b-af60-48c5-893f-0415dca359e1,nottingham.tours,available,10.99,61.99,high,low,10,namesilo,,,26/09/2026 00:49
4c85596c-0fac-4c35-9c56-52aa323ae5c5,talks.tours,available,9.99,,high,low,5,name.com,,,
8beb7957-4233-45a7-bb74-2418259334bf,beamish.tours,available,5.98,81.98,medium,low,7,namecheap,,,09/08/2026 04:08
152a5dd4-e9ba-4dd0-8fd9-3447f03ebea6,bilocation.tours,available,10.99,61.99,medium,low,10,namesilo,,,23/09/2026 16:51
12ddea3b-c1cd-4b8e-a6d1-a5da23aec179,valueless.tours,available,5.98,81.98,medium,low,9,namecheap,,,13/09/2026 01:01
b8766911-b77e-4730-b876-23046eab6712,unhealed.tours,available,5.98,81.98,medium,low,8,namecheap,,,12/09/2026 12:08
b57ddae2-4fb6-44ce-8a6e-de8520f3d53a,strict.tours,available,5.98,81.98,high,low,6,namecheap,,,21/08/2026 00:17
b787b27e-c6fa-4a16-98d8-92df94352039,duodecimal.tours,available,5.98,81.98,medium,low,10,namecheap,,,14/08/2026 21:19
7a22587b-b745-47a2-94c5-23029c0ff2e8,agamic.tours,available,5.98,81.98,medium,low,6,namecheap,,,
4123a783-e087-481b-a66c-d768cf738415,classless.tours,available,5.98,81.98,medium,low,9,namecheap,,,12/08/2026 09:48
b8e3c091-8f43-4e60-8aff-7a29f35c837c,glaswegian.tours,available,5.98,81.98,high,low,10,namecheap,,,20/08/2026 14:14
f6d2ac60-696f-4d73-9770-52c8310acc33,parsimony.tours,available,5.98,81.98,medium,low,9,namecheap,,,08/09/2026 14:39
56395603-0969-4768-9970-d028f9e528a2,quiesce.tours,available,5.98,81.98,medium,low,7,namecheap,,,09/09/2026 08:52
5ed66bba-1cfa-40d5-9a24-91bc608cca6c,reformer.tours,available,10.99,61.99,high,low,8,namesilo,,,19/09/2026 15:23
039d360d-8133-484c-a07c-ac62a02a0ef0,pectoral.tours,available,5.98,81.98,high,low,8,namecheap,,,08/09/2026 11:58
030431f6-292c-4fc4-a7ec-d5caaf13daa5,curvy.tours,available,5.98,81.98,high,low,5,namecheap,,,10/08/2026 20:32
4afcda72-5ed2-4dcd-9795-65d6ddfb4d03,apios.tours,available,5.98,81.98,medium,low,5,namecheap,,,19/09/2026 17:25
1e5e5029-f8d0-4c38-a71d-f258c5553e43,affair.tours,available,10.99,61.99,high,low,6,namesilo,,,17/09/2026 13:59
f7257e87-a6f2-4263-84e2-d47fd9ee0541,looked.tours,available,10.99,61.99,high,low,6,namesilo,,,18/09/2026 11:20
3b49255f-0547-4806-9d42-530789e8d197,sharp.tours,available,10.99,61.99,high,low,5,namesilo,,,21/09/2026 16:42
0c800ac4-31f0-49ce-99e1-378064ab8d2d,password.tours,available,10.99,61.99,high,low,8,namesilo,,,24/09/2026 18:40
e88b80e8-ef7b-4423-b62f-897cc8239242,mandibular.tours,available,5.98,81.98,medium,low,10,namecheap,,,22/08/2026 04:40
2ab2cfc8-fc39-4202-8ae9-8edda3dec731,blastema.tours,available,10.99,61.99,medium,low,8,namesilo,,,24/09/2026 04:21
c487eba5-b3ec-4b81-bf56-3086272343bd,damnable.tours,available,9.99,83.99,medium,low,8,name.com,,,13/08/2026 16:29
8c0fc765-a6b5-436e-bd18-d0f068bf1d3b,instep.tours,available,10.99,61.99,high,low,7,namesilo,,,16/09/2026 14:59
cdd2bfc2-ae4f-4ee9-befc-42e65204b7f4,dialogue.tours,available,5.98,81.98,high,low,8,namecheap,,,24/09/2026 22:11
6745419b-755a-4d80-af3c-e3a1ca812e92,geeks.tours,available,5.98,81.98,medium,low,5,namecheap,,,17/09/2026 16:02
2e98c877-a81f-4b6e-9ec5-5e3a6546e568,beekeeper.tours,available,5.98,81.98,high,low,9,namecheap,,,19/09/2026 17:19
9e2f10a5-11b0-4ecf-bb17-91c56f2cd51e,dozy.tours,available,5.98,81.98,medium,low,4,namecheap,,,14/08/2026 18:06
da824801-2a15-4cdb-a53f-69064c6e1bf2,overstated.tours,available,5.98,81.98,medium,low,10,namecheap,,,17/08/2026 15:36
6f4580f3-2de6-4664-b9f8-8207b5dd51c2,alpena.tours,available,10.99,61.99,medium,low,6,namesilo,,,18/09/2026 13:31
f6b70834-e3f2-4f3a-8fd2-804fa1bf8bce,investment.tours,resell,,,high,low,10,"NameCheap, Inc.",07/02/2024 14:18,07/02/2027 14:18,27/09/2026 01:52
648acd8b-4baf-496d-a62c-60cdbd28fa11,paperback.tours,available,10.99,61.99,high,low,9,namesilo,,,27/09/2026 02:40
d71b89f5-5728-47f3-8cf6-2de57717a05b,longer.tours,available,9.99,,high,low,6,name.com,,,
906d1cbf-7204-4a00-80aa-4f85644fe013,spruce.tours,available,9.99,83.99,high,low,6,name.com,,,13/08/2026 17:37
564bbc87-232e-4d81-b753-53a4ed3198c1,beldame.tours,available,10.99,61.99,medium,low,7,namesilo,,,23/09/2026 04:46
32f41eb4-571c-49d0-96a0-8248f259b545,ounces.tours,available,10.99,61.99,medium,low,6,namesilo,,,16/09/2026 11:16
fcdc921e-9e65-4927-9814-96f347113c28,feckless.tours,available,5.98,81.98,medium,low,8,namecheap,,,18/08/2026 00:31
1c565e8a-1140-4451-af70-97bc9c4d5415,analyzed.tours,available,5.98,81.98,medium,low,8,namecheap,,,
96c3e97f-dc25-4736-acce-56db7b40ab43,building.tours,available,9.99,,high,low,8,name.com,,,
98488a0d-7145-41de-ae93-3070aaa08928,wrongdoing.tours,available,10.99,61.99,medium,low,10,namesilo,,,17/09/2026 05:25
0d1d4484-96f1-4833-b2e8-e5821ba9ee82,swinburne.tours,available,10.99,61.99,medium,low,9,namesilo,,,18/09/2026 07:03
bbff2aae-aa9c-4c1f-9864-dc1514a18d63,alcedo.tours,available,10.99,61.99,high,low,6,namesilo,,,18/09/2026 03:52
c36e7998-08fb-460d-a452-82682b3e5286,organismal.tours,available,5.98,81.98,medium,low,10,namecheap,,,04/09/2026 17:47
612908ef-a93f-4a49-ae2b-58128889caaf,amnionic.tours,available,5.98,81.98,medium,low,8,namecheap,,,
9ba9e9b4-b334-447f-a6d6-2788c85b4410,humanistic.tours,available,5.98,81.98,high,low,10,namecheap,,,21/08/2026 14:53
35b3a1b3-93ee-444a-ab9b-37e4c2034b4b,misconduct.tours,available,10.99,61.99,medium,low,10,namesilo,,,17/09/2026 05:28
cc07c40a-41c9-470c-a115-5d39313cbe5c,fable.tours,available,10.99,61.99,high,low,5,namesilo,,,18/09/2026 10:35
6921b64c-980f-4557-b588-43aee9bbe5ed,promotions.tours,available,5.98,81.98,high,low,10,namecheap,,,20/09/2026 23:27
37808bf3-1f71-4c79-8b4e-1efb42502f46,mitt.tours,available,10.99,61.99,medium,low,4,namesilo,,,22/09/2026 10:08
547e2b2a-3c1e-4314-80a5-a2f4e491a285,theme.tours,available,9.99,,high,low,5,name.com,,,
a84f7440-5303-4022-b387-f72ae5954d78,slithering.tours,available,5.98,81.98,medium,low,10,namecheap,,,10/09/2026 11:07
570e30d2-9bc0-4651-be89-fd7d98bdefef,joining.tours,available,10.99,61.99,high,low,7,namesilo,,,25/09/2026 23:20
499927c2-4316-472a-888b-6714c4425e00,siberian.tours,available,9.99,,high,low,8,name.com,,,
910e9440-7922-4ad1-8232-6a0b03f80686,cxv.tours,available,5.98,81.98,high,low,3,namecheap,,,
6b1b9a70-2768-4142-b1fa-3b2e4c0d2275,dismayed.tours,available,5.98,81.98,medium,low,8,namecheap,,,
811db0c1-615e-4e48-b1ed-711a3477c34f,uncanny.tours,available,5.98,81.98,high,low,7,namecheap,,,16/08/2026 02:23
99bc91b7-5ef9-4285-aa96-a3ac96a03d07,bearded.tours,available,5.98,81.98,high,low,7,namecheap,,,08/08/2026 16:05
844f5218-61f9-48ed-ae8b-2dc4e04b4ae3,study.tours,resell,,,high,low,5,"Spaceship, Inc.",24/09/2017 10:24,24/09/2027 10:24,27/09/2026 02:04
ae330594-96cf-40a9-9a28-218bc076361f,ascetic.tours,available,5.98,81.98,high,low,7,namecheap,,,07/08/2026 00:56
6fe77d5a-01ac-41e0-9ea6-9de14741fe2c,squiffy.tours,available,5.98,81.98,low,low,7,namecheap,,,09/08/2026 16:38
7e5c6a62-6057-4373-b1c0-18d5a2597350,tricolor.tours,available,5.98,81.98,high,low,8,namecheap,,,11/09/2026 19:26
7d66193a-5c35-4799-8084-d24a829b6ecd,disturbed.tours,available,5.98,81.98,medium,low,9,namecheap,,,11/08/2026 01:48
b3301337-7735-42ff-a7f0-21519169e808,pureblood.tours,available,5.98,81.98,medium,low,9,namecheap,,,08/09/2026 13:00
39550235-2664-449f-9fb8-137b79c78468,cracking.tours,available,5.98,81.98,high,low,8,namecheap,,,08/08/2026 12:25
e28ddce1-9d6b-446d-a2db-9f79ba069b40,virginia.tours,premium,118.8,118.8,high,low,8,namesilo,,,25/09/2026 09:38
b2c0e44e-69a9-4b54-bc41-4f352a245e65,psychic.tours,available,9.99,,high,low,7,name.com,,,
43b5a9ec-7ee9-401c-bc56-1ebde9f7d209,defaulted.tours,available,10.99,61.99,low,low,9,namesilo,,,21/09/2026 07:28
32036950-1518-4cfa-adaa-9238834c9b8d,bakeshop.tours,available,5.98,81.98,high,low,8,namecheap,,,21/09/2026 20:10
8280e1e5-9756-4967-bab8-70b15ea08ccc,ilx.tours,available,5.98,81.98,medium,low,3,namecheap,,,
2f45452b-fef3-46ba-875f-6099e50fa80d,ballistic.tours,available,5.98,81.98,high,low,9,namecheap,,,08/08/2026 10:31
226313a3-0b28-4293-a907-4769064ff632,fabled.tours,available,5.98,81.98,high,low,6,namecheap,,,17/08/2026 20:12
5cc0a264-9c0b-43d9-90e5-23b50d773b56,uninvited.tours,available,5.98,81.98,medium,low,9,namecheap,,,12/09/2026 13:33
964f4cdf-d2e4-4fef-b280-1b86be0c342e,somersault.tours,available,5.98,81.98,high,low,10,namecheap,,,18/08/2026 08:25
06fb9529-ddd4-46b8-96a2-022b9c665c12,slavish.tours,available,5.98,81.98,medium,low,7,namecheap,,,10/09/2026 10:38
0d29b23a-7e88-4899-b04d-482fc33a39d7,cruddy.tours,available,5.98,81.98,medium,low,6,namecheap,,,13/08/2026 08:44
09b5e46c-5302-4a9f-928f-b6142a2d286d,bennet.tours,available,10.99,61.99,high,low,6,namesilo,,,23/09/2026 08:30
5f545d98-3e43-4e21-ab27-e41717eab32b,acerbity.tours,available,10.99,61.99,medium,low,8,namesilo,,,16/09/2026 23:41
c7238a39-f419-4a3d-ae17-23b12ee29aa3,unlatched.tours,available,5.98,81.98,medium,low,9,namecheap,,,12/09/2026 01:38
48fe79e3-a260-46e7-b650-a5d3efc94525,shitty.tours,available,5.98,81.98,high,low,6,namecheap,,,13/08/2026 05:14
8fd2cc9c-a6f6-4083-89cb-2f73ceba45c7,partizan.tours,available,5.98,81.98,high,low,8,namecheap,,,08/09/2026 02:09
96ffbf6c-fa2b-4368-8c48-4a3d0e1e1fdb,corrosion.tours,available,5.98,81.98,high,low,9,namecheap,,,24/09/2026 18:21
24645130-9252-48cb-9044-5ea292ea3336,ataraxic.tours,available,5.98,81.98,medium,low,8,namecheap,,,07/08/2026 12:49
5023b85e-28f6-40f2-9006-7f12a7f27e56,ipsus.tours,available,5.98,81.98,medium,low,5,namecheap,,,22/09/2026 15:09
e45930a0-5f34-45b3-b0ff-03571be3dd0e,downfall.tours,available,10.99,61.99,medium,low,8,namesilo,,,24/09/2026 23:39
48bdf26d-0f8b-475f-b191-2c09e366784b,indeed.tours,available,,,high,high,6,,,,
b47312aa-8b71-47b2-b6c6-2b02875eb3e5,lightwood.tours,available,5.98,81.98,medium,low,9,namecheap,,,16/09/2026 20:15
7100bb36-8d30-481a-86cf-b528c5dc0da0,lxxxiii.tours,available,5.98,81.98,medium,low,7,namecheap,,,
26544644-e426-4fb0-814c-bff738137156,novice.tours,available,10.99,61.99,high,low,6,namesilo,,,23/09/2026 02:23
f37049f0-bf1a-495b-ad1e-8e7918fce5e1,funeral.tours,available,10.99,61.99,high,low,7,namesilo,,,25/09/2026 22:54
f1d71676-b871-40e4-8ca6-7a0f875f2a0a,result.tours,available,9.99,,high,low,6,name.com,,,
e04c4d6d-ff0b-469c-bb57-a6565b05e12d,uncrowned.tours,available,5.98,81.98,medium,low,9,namecheap,,,13/08/2026 08:36
8cfd7230-c38f-4df1-8c14-c7b6681a8fb8,peaking.tours,available,9.99,,high,low,7,name.com,,,
96bd05b8-6f88-481c-961f-4a2eee1903c7,cliche.tours,available,5.98,81.98,high,low,6,namecheap,,,23/09/2026 16:07
864a9333-2663-41b3-a093-2bc2c5c4b26d,spider.tours,available,10.99,61.99,high,low,6,namesilo,,,26/09/2026 00:23
bc73dfc6-769c-43dd-b3c1-00c24dfa69f9,adhocracy.tours,available,10.99,61.99,medium,low,9,namesilo,,,17/09/2026 08:02
05af81c4-f785-42a7-ad12-512f6298936c,cramped.tours,available,5.98,81.98,medium,low,7,namecheap,,,13/08/2026 04:47
526b90a5-d306-43de-b1f0-ecd2a9ac4147,securely.tours,available,5.98,81.98,high,low,8,namecheap,,,16/09/2026 00:50
a7188a50-db4d-4c97-959e-a7f35f2400ac,experimentally.tours,available,9.99,,medium,low,14,name.com,,,
704e969c-174b-406f-8a53-8aad25031620,beatnik.tours,available,10.99,61.99,high,low,7,namesilo,,,22/09/2026 21:43
d3df49b5-35f7-4848-b27c-88573ce64ef7,aquaphobia.tours,available,10.99,61.99,medium,low,10,namesilo,,,19/09/2026 22:59
4febfb5d-c031-481c-b673-13265eedb140,lucent.tours,available,5.98,81.98,high,low,6,namecheap,,,
b328525a-82f4-4d15-9103-7d5a04853c42,dabbler.tours,available,5.98,81.98,medium,low,7,namecheap,,,14/08/2026 07:42
e9a02e09-3bd4-405a-b5d6-fdbaba76896d,steadied.tours,available,5.98,81.98,medium,low,8,namecheap,,,10/09/2026 19:30
0d6d0d0b-aadc-4585-be29-aebf1d1c5bea,rambling.tours,available,5.98,81.98,high,low,8,namecheap,,,17/08/2026 16:41
ef2b7ac9-48bd-45bb-96f2-0110d0637c4e,observing.tours,available,5.98,81.98,high,low,9,namecheap,,,04/09/2026 00:01
b8ecbb7d-ddb2-486e-b2c6-852164c0ac3d,promo.tours,available,9.99,,high,low,5,name.com,,,
f4ef8340-6729-42e6-9eb6-b34baa555ebf,zamang.tours,available,10.99,61.99,medium,low,6,namesilo,,,18/09/2026 03:18
d42e0a25-e1c7-4d8b-8352-546bf4fac6c9,lethal.tours,available,5.98,81.98,high,low,6,namecheap,,,23/08/2026 00:26
efff1ffe-c82d-408e-81fc-ea4d22214877,foggy.tours,available,5.98,81.98,medium,low,5,namecheap,,,10/08/2026 16:21
8617f6af-9318-4ef0-b86e-6e3cc5947561,petroleum.tours,available,5.98,81.98,high,low,9,namecheap,,,13/08/2026 08:55
3710b809-9bd7-4735-a7da-096e685a9d5c,dearie.tours,available,9.99,83.99,high,low,6,name.com,,,13/08/2026 18:19
5e88a9f2-c894-444e-9246-853bb1d87d66,choler.tours,available,10.99,61.99,medium,low,6,namesilo,,,19/09/2026 06:04
b2a7bfa7-5b31-449a-b8cd-cca6b94a9c09,unstable.tours,available,5.98,81.98,high,low,8,namecheap,,,18/08/2026 09:17
95394640-3d4d-44da-a651-abea5d57dddc,increased.tours,available,5.98,81.98,high,low,9,namecheap,,,25/09/2026 08:09
9691fb1c-76ba-49e6-8b9b-281b06895068,fastest.tours,available,5.98,81.98,high,low,7,namecheap,,,14/09/2026 17:49
c61e8254-8a60-45a7-b4a0-69752969cd6b,aphesis.tours,available,10.99,61.99,medium,low,7,namesilo,,,19/09/2026 16:55
a0f64add-e403-4695-ab25-c736ec48a25f,cantabile.tours,available,5.98,81.98,medium,low,9,namecheap,,,11/08/2026 17:38
b66f5717-6a56-4eda-a713-23481e96e096,gadget.tours,available,5.98,81.98,high,low,6,namecheap,,,19/09/2026 21:47
1f21cd6f-f54b-4255-9d19-2852867a9962,abort.tours,available,10.99,61.99,high,low,5,namesilo,,,16/09/2026 16:38
48afe97b-49bf-4ebd-86cf-bbc0aca51432,copular.tours,available,5.98,81.98,medium,low,7,namecheap,,,13/08/2026 00:38
33e88373-4413-4b52-ba3a-037c14c8aeb6,abattis.tours,available,10.99,61.99,medium,low,7,namesilo,,,16/09/2026 14:11
6616e551-67a2-46a5-bb29-fa5c9bf6c683,queried.tours,available,5.98,81.98,medium,low,7,namecheap,,,20/09/2026 15:21
7fd3e7a5-7239-4df3-9734-ef1001c145e7,bonk.tours,available,10.99,61.99,high,low,4,namesilo,,,22/09/2026 10:31
6bf8b091-4cc7-4c30-9b1c-528c1b113765,unable.tours,available,5.98,81.98,high,low,6,namecheap,,,11/09/2026 23:26
45ecbce2-b18b-4b19-acfe-8b35a9f134fe,biennial.tours,available,5.98,81.98,high,low,8,namecheap,,,09/08/2026 19:52
c07d1377-0117-47b2-8b9b-c1e7a8f5dcce,retailed.tours,available,10.99,61.99,medium,low,8,namesilo,,,20/09/2026 16:31
3cf711fe-dc48-4a02-9a94-a17834123f88,diocesan.tours,available,5.98,81.98,medium,low,8,namecheap,,,14/08/2026 08:18
1306cf32-6441-40e7-8243-cbfb501543c5,hilarious.tours,available,5.98,81.98,high,low,9,namecheap,,,21/08/2026 09:21
42254942-abef-41ba-920c-1d1d3f4672d7,axis.tours,available,9.99,,high,medium,4,name.com,,,
803aa831-2874-4ce8-b433-925889cabd4c,advil.tours,available,10.99,61.99,medium,low,5,namesilo,,,17/09/2026 11:20
0f83e78a-9a32-45a5-ad85-614dc8e87a9e,modal.tours,available,5.98,81.98,high,low,5,namecheap,,,25/09/2026 21:10
21b11cb5-e789-432c-ac0d-39aace7c2b03,chime.tours,available,9.99,,high,low,5,name.com,,,
5ebeb28a-ce2d-452b-8dbd-64dd0da95361,leek.tours,available,10.99,61.99,medium,low,4,namesilo,,,18/09/2026 11:25
b98262d7-ed3c-4d41-b87b-b21ba7a2c37d,steady.tours,available,5.98,81.98,high,low,6,namecheap,,,24/09/2026 18:34
79d25458-1db8-41b1-93ea-e47040e2f2a2,component.tours,available,5.98,81.98,high,low,9,namecheap,,,23/09/2026 20:58
95e7cb9a-58d6-42aa-a2dd-fde3aa6ff155,litigious.tours,available,5.98,81.98,medium,low,9,namecheap,,,12/08/2026 18:31
af8b3e31-1423-4916-b1fd-7dc660fc7123,cube.tours,available,9.99,,high,medium,4,name.com,,,
d1a524cf-ccec-4200-93e0-e582ab1fa381,lenten.tours,available,5.98,81.98,medium,low,6,namecheap,,,22/08/2026 23:48
85baa647-832e-4d2f-b4ae-911543acf5e4,bounded.tours,available,5.98,81.98,medium,low,7,namecheap,,,10/08/2026 21:52
ecc14417-fe6f-4070-8c42-8d52c1c484d0,gus.tours,available,10.99,61.99,high,low,3,namesilo,,,25/09/2026 15:07
70bb0a22-0f10-41ef-8e9e-6c132c917784,movement.tours,available,9.99,,high,low,8,name.com,,,
d86b0fff-1685-49cf-94b6-ad564b1229b4,carl.tours,available,10.99,61.99,high,medium,4,namesilo,,,25/09/2026 11:30
01fba6a6-0c46-4a22-8217-e044279809db,executed.tours,available,5.98,81.98,high,low,8,namecheap,,,17/08/2026 16:55
f6361cb8-e34e-450d-a193-0a8ae9291f21,embodiment.tours,available,10.99,61.99,high,low,10,namesilo,,,21/09/2026 08:48
4365b287-ee28-4129-9961-25bb5796665e,scrabble.tours,available,10.99,61.99,high,low,8,namesilo,,,24/09/2026 23:30
d37eb526-5f54-4cbe-9438-47b3107ef6ba,catcher.tours,available,10.99,61.99,high,low,7,namesilo,,,21/09/2026 16:05
bdabf000-3d1b-4282-9323-a6fb0c53011e,lentils.tours,available,10.99,61.99,medium,low,7,namesilo,,,21/09/2026 05:31
5857898b-555a-4d77-b372-e7a907b7a38c,passing.tours,available,10.99,61.99,high,low,7,namesilo,,,24/09/2026 14:24
baffac76-1cd4-4c6b-bd45-a877898ed2ab,goofy.tours,available,5.98,81.98,high,low,5,namecheap,,,12/08/2026 14:50
9dfac4f4-56cb-4077-9f22-ccda60c24fe8,tillers.tours,available,10.99,61.99,medium,low,7,namesilo,,,20/09/2026 14:06
8edfa593-1870-4839-a925-9e180761ff7c,particular.tours,available,5.98,81.98,high,low,10,namecheap,,,24/09/2026 18:23
675c2b58-747f-4d17-8268-e6e8b9cbbea4,hominal.tours,available,5.98,81.98,medium,low,7,namecheap,,,21/08/2026 11:35
34066152-bd8c-4ff6-9bd9-fb30ba5684bc,agdistis.tours,available,10.99,61.99,medium,low,8,namesilo,,,17/09/2026 16:43
2da8add7-cd92-43b4-8603-4fc6a0630491,ant.tours,available,,,high,medium,3,,,,
70c2b35a-59fd-4238-9791-52505fe17c9d,nonsense.tours,available,5.98,81.98,high,low,8,namecheap,,,18/08/2026 23:48
57effcc4-1cc5-45a2-9cdb-a65ec444bbf7,annealing.tours,available,5.98,81.98,high,low,9,namecheap,,,11/09/2026 10:58
6aa2b1fe-b55c-4f43-bede-63622709d2ea,limber.tours,available,5.98,81.98,high,low,6,namecheap,,,23/08/2026 11:08
a2d7306e-9969-404f-b91f-d4ed905651f5,paediatric.tours,available,5.98,81.98,high,low,10,namecheap,,,04/09/2026 22:51
808a8977-06ea-4825-bcc7-0d1b0d1a9c32,deferent.tours,available,5.98,81.98,medium,low,8,namecheap,,,13/08/2026 23:17
eb7780b7-d31e-4f4b-95fa-b50449bb11c0,beg.tours,available,9.99,,high,low,3,name.com,,,
37adc033-a13b-4bfb-ab16-33bd7b1f8c20,bizet.tours,available,10.99,61.99,high,low,5,namesilo,,,23/09/2026 23:23
0805b872-3276-4d7b-8ca0-62631a8ef4f6,possess.tours,available,10.99,61.99,high,low,7,namesilo,,,26/09/2026 03:38
22d328a9-6ac4-4a0d-b514-f43b2b9bb7d8,adaptive.tours,available,10.99,61.99,high,low,8,namesilo,,,21/09/2026 16:55
9f399e5f-0732-43d8-900a-b983decb6154,manx.tours,available,5.98,81.98,high,low,4,namecheap,,,24/08/2026 15:32
ad514b21-5149-4b76-8eca-5c980a07fd62,fervid.tours,available,5.98,81.98,high,low,6,namecheap,,,06/08/2026 16:19
de15e0dd-3c7d-4ee4-8a82-f9c9c459aa80,indigent.tours,available,5.98,81.98,medium,low,8,namecheap,,,14/08/2026 04:34
a3bc494e-ba6d-4d56-b67f-8f48c6500813,berg.tours,available,10.99,61.99,high,low,4,namesilo,,,18/09/2026 02:21
43fc216e-5553-42c5-9844-69ddb6de52c1,arguments.tours,available,10.99,61.99,medium,low,9,namesilo,,,16/09/2026 05:03
11e708dc-b605-4a07-9f2e-8e443b91f957,marry.tours,available,5.98,81.98,high,low,5,namecheap,,,13/09/2026 09:36
25093010-67c3-45c6-8127-e409d5f2bbc9,resistive.tours,available,5.98,81.98,high,low,9,namecheap,,,09/09/2026 15:23
6507fb4a-0e7f-435b-bf82-eac2333383a9,neumann.tours,available,10.99,61.99,high,low,7,namesilo,,,25/09/2026 23:19
246eff7e-2db1-493e-80d9-c44c7e189e44,varied.tours,available,9.99,,high,low,6,name.com,,,
6fc777b6-009a-45ea-acf8-2dab35c2f9b4,untypical.tours,available,5.98,81.98,medium,low,9,namecheap,,,07/08/2026 16:10
b087308b-d91e-4ac9-b728-17982daa942a,proud.tours,available,9.99,,high,low,5,name.com,,,
5b9506ec-4113-46ed-a583-43a0442ce14b,softly.tours,available,10.99,61.99,high,low,6,namesilo,,,27/09/2026 03:45
9da7814b-7fc4-4f2f-99ae-5b3ac301fc72,hebridean.tours,available,5.98,81.98,high,low,9,namecheap,,,21/08/2026 05:45
a749677a-ed39-4a42-8c9c-1a110ed18fbb,alecto.tours,available,10.99,61.99,medium,low,6,namesilo,,,18/09/2026 04:50
4c814011-22d5-4dba-9964-c5c129b084d0,primarily.tours,available,9.99,,high,low,9,name.com,,,
f79f248c-74ff-4152-9ee7-e5da3588798e,bijou.tours,available,5.98,81.98,high,low,5,namecheap,,,23/09/2026 15:32
b9152b45-c9bc-409f-8414-55d1585310a7,anaglyphic.tours,available,5.98,81.98,medium,low,10,namecheap,,,
6b704fe7-061a-4957-95ae-3f770f43cfa3,detoxify.tours,available,9.99,,high,low,8,name.com,,,
f52ff684-4784-4339-a9d4-846f3ee3f618,bilgewater.tours,available,10.99,61.99,medium,low,10,namesilo,,,21/09/2026 23:46
6e78a577-6066-42f2-912e-eeaa86c0bacf,pound.tours,available,9.99,,high,low,5,name.com,,,
0ab354f4-3c33-408d-8ed2-7d48070a8b5a,compactly.tours,available,5.98,81.98,medium,low,9,namecheap,,,14/09/2026 07:35
3de2dffb-5ef9-4b1e-8cb8-06625b218e7f,sensory.tours,available,9.99,,high,low,7,name.com,,,
53c79ca0-d5b7-4435-8649-18c8e8c416ee,cagey.tours,available,5.98,81.98,medium,low,5,namecheap,,,11/08/2026 13:19
f08998da-2126-435e-b5f9-c02c7979f489,brushy.tours,available,5.98,81.98,medium,low,6,namecheap,,,10/08/2026 20:19
590f23dd-ba05-427d-88ac-e24e4c346fc9,flippant.tours,available,5.98,81.98,medium,low,8,namecheap,,,18/08/2026 08:32
ba63a7e6-6b92-41bd-874d-200628c28b90,vocalic.tours,available,5.98,81.98,medium,low,7,namecheap,,,13/09/2026 06:26
67e72a95-a568-43f5-b57c-bfb6e8820f6c,canadas.tours,available,9.99,,medium,low,7,name.com,,,
a1f2535f-9024-4b14-a051-299b527c8605,slave.tours,available,9.99,,high,low,5,name.com,,,
f31900bd-3fb4-4905-8c47-08a54a832e7e,stations.tours,available,9.99,,high,low,8,name.com,,,
4cf3122b-8e59-4fbb-a0dd-fec9f2eb1b2c,maternal.tours,available,5.98,81.98,high,low,8,namecheap,,,25/09/2026 18:01
6c00e2a4-dcf3-44a4-b91f-451637e2026a,seconded.tours,available,10.99,61.99,medium,low,8,namesilo,,,20/09/2026 15:37
572e91c2-14e5-422b-bafc-d29bf47f66ac,norfolk.tours,premium,118.8,118.8,high,low,7,namesilo,,,
df54f260-7f6e-4f40-8baf-98db68bb9000,armillary.tours,available,5.98,81.98,medium,low,9,namecheap,,,06/08/2026 19:44
53d453d6-46aa-4aae-90b6-c7f46c6e57ce,extra.tours,available,10.99,61.99,high,low,5,namesilo,,,21/09/2026 17:12
11efca26-f45b-41e8-9977-613e155c33ec,underling.tours,available,5.98,81.98,medium,low,9,namecheap,,,11/09/2026 00:39
a2de854e-77e8-4639-9d4d-228d38d72368,lineup.tours,available,10.99,61.99,high,low,6,namesilo,,,22/09/2026 14:38
f28361df-8e13-41d2-a47e-61e40988991b,smug.tours,available,5.98,81.98,high,low,4,namecheap,,,10/09/2026 02:05
ad4e1a8b-0a34-49bd-a079-866934a4317a,blackjack.tours,available,10.99,61.99,high,low,9,namesilo,,,24/09/2026 00:44
fb25efcb-93c4-4ed5-9e3e-162044a2fe18,reportedly.tours,available,5.98,81.98,medium,low,10,namecheap,,,15/09/2026 23:15
fe90c615-f639-486c-ac7d-6b774c1c77ac,czechoslovakia.tours,available,9.99,,medium,low,14,name.com,,,
242a6f88-998c-44b2-9a24-159a78ffcf26,zodiacal.tours,available,5.98,81.98,medium,low,8,namecheap,,,13/09/2026 15:23
c50b4fd2-a258-4cb3-98b6-8deedcb3a575,napoleonic.tours,available,5.98,81.98,medium,low,10,namecheap,,,03/09/2026 13:00
cecea548-8062-47c4-8557-836c7e4606c5,scorched.tours,available,5.98,81.98,medium,low,8,namecheap,,,
ec7ef21c-d81a-4acd-81cb-61f95ade114a,paperlike.tours,available,5.98,81.98,low,low,9,namecheap,,,12/08/2026 02:45
48924440-2558-4427-a9ca-9d470d65054f,reservoir.tours,available,5.98,81.98,high,low,9,namecheap,,,20/09/2026 11:41
0f13c2f2-47aa-451c-99e4-b631eae0b030,dyed.tours,available,5.98,81.98,high,low,4,namecheap,,,14/08/2026 21:54
f2a5a008-32ca-48e2-8a57-b7b4a1caedf4,dominating.tours,available,5.98,81.98,medium,low,10,namecheap,,,07/08/2026 19:40
64e44229-4145-45a1-b5bb-37bc3c50251e,tractors.tours,available,10.99,61.99,medium,low,8,namesilo,,,21/09/2026 06:24
68a1f97a-a3bb-4889-a18f-98f2d240230d,acousma.tours,available,10.99,61.99,medium,low,7,namesilo,,,17/09/2026 02:29
ad67bb61-123c-48d3-9965-3cd5bd0547fe,quantized.tours,available,5.98,81.98,medium,low,9,namecheap,,,09/09/2026 07:30
3acd7420-cadc-4d61-b7cb-b0d9dad7aac7,david.tours,available,9.99,,high,medium,5,name.com,,,
d23fbb8f-5d9d-4174-ba91-2b29aca3cb9b,baron.tours,available,10.99,61.99,high,low,5,namesilo,,,22/09/2026 07:01
fa4c2a57-d53d-427c-bd3d-a97900fc207e,chartreuse.tours,available,5.98,81.98,medium,low,10,namecheap,,,12/08/2026 02:57
3b47623e-2673-4e44-97ec-829a06d52573,biases.tours,available,10.99,61.99,low,low,6,namesilo,,,18/09/2026 23:44
f4b33e60-549a-4e86-95f1-6577f6623620,bannock.tours,available,10.99,61.99,medium,low,7,namesilo,,,22/09/2026 02:55
9acd62c5-4a62-42cd-88cf-bc30df2a9add,dress.tours,available,10.99,61.99,high,low,5,namesilo,,,24/09/2026 12:08
cbf9c3ca-8b81-4a65-9795-3a8f92e6c12f,antigone.tours,available,5.98,81.98,medium,low,8,namecheap,,,19/09/2026 14:26
1e4720e3-61f5-40e0-b6c7-c1221ca20572,gita.tours,available,5.98,81.98,high,low,4,namecheap,,,23/09/2026 12:33
51215a49-b6da-4cd6-910f-7ad803fa9cbf,supremely.tours,available,10.99,61.99,medium,low,9,namesilo,,,16/09/2026 07:39
c41cd9ab-dd57-4534-8429-5651d7b4b066,corrosive.tours,available,5.98,81.98,medium,low,9,namecheap,,,13/08/2026 02:07
71ab9756-6add-41b6-b03f-21d70784ecac,stefan.tours,available,10.99,61.99,high,low,6,namesilo,,,25/09/2026 14:25
2fb6a3ff-8ffa-4cfd-b90e-8527d1dd24f9,argal.tours,available,5.98,81.98,medium,low,5,namecheap,,,20/09/2026 04:10
7b8b1bc1-849c-4e95-a4ba-414bd079b6aa,gastropod.tours,available,5.98,81.98,medium,low,9,namecheap,,,12/09/2026 14:04
b61a75d3-78d3-4095-aa04-8f9272014440,rounded.tours,available,5.98,81.98,high,low,7,namecheap,,,19/09/2026 15:40
1567cde9-d66b-4e8e-9e0d-d4142591f3f9,centralised.tours,available,9.99,,high,low,11,name.com,,,
ff335194-60d5-4ea4-a182-6d6256c5d379,auroral.tours,available,10.99,61.99,high,low,7,namesilo,,,22/09/2026 13:08
eb15d43b-dccc-4927-9149-d3694bd06f26,disability.tours,available,10.99,61.99,high,low,10,namesilo,,,24/09/2026 22:26
143e2e21-a5ba-41d2-82c1-7ccac94c4d7c,starred.tours,available,5.98,81.98,medium,low,7,namecheap,,,07/08/2026 08:52
2625bd83-bd97-44f4-b44e-5e6c08287ff4,anticipant.tours,available,5.98,81.98,medium,low,10,namecheap,,,
16bfc083-6cea-44b6-95e1-a2039537f191,anodic.tours,available,5.98,81.98,high,low,6,namecheap,,,
06bbd55a-d56f-44d5-989c-2e364b1d3fdd,rand.tours,available,10.99,61.99,high,low,4,namesilo,,,21/09/2026 10:39
f779cf08-b4bb-45b8-802c-7df2146e9d28,failure.tours,available,5.98,81.98,high,low,7,namecheap,,,25/09/2026 22:41
faa3b823-570f-4742-a4db-94536d62d33c,reveal.tours,available,9.99,,high,low,6,name.com,,,
e8a61886-ae3b-48c8-9edf-e9e9b9c034d9,utilised.tours,available,5.98,81.98,medium,low,8,namecheap,,,13/09/2026 00:07
232f5279-179a-4044-87de-c9055ce18b31,artillery.tours,available,10.99,61.99,high,low,9,namesilo,,,20/09/2026 11:43
4c2bcdc6-be06-411b-9a2e-53dc4063c571,saler.tours,available,9.99,,medium,low,5,name.com,,,
443f5ee9-a903-4a24-bbf9-6c80e09d3ea4,scurvy.tours,available,5.98,81.98,medium,low,6,namecheap,,,
8bf78cb9-12d3-4f5a-ad5c-86fcd551e8a2,properly.tours,available,5.98,81.98,high,low,8,namecheap,,,13/08/2026 21:12
3efcb522-7e19-4456-9b6c-b70fbf94385a,vegetable.tours,available,9.99,,high,low,9,name.com,,,
5d7d5843-ea9c-497f-af36-c5878f1d37aa,quickly.tours,available,9.99,,high,low,7,name.com,,,
5b6d602f-4c9a-4ff2-b60f-be16bb7adf8c,armin.tours,available,10.99,61.99,high,low,5,namesilo,,,20/09/2026 07:10
8124de8a-f0c1-4f1d-91c1-35b454a04f3a,darling.tours,available,5.98,81.98,high,low,7,namecheap,,,09/08/2026 13:48
56046408-441a-4276-975b-02bfcbf8f376,blackbuck.tours,available,10.99,61.99,medium,low,9,namesilo,,,19/09/2026 14:39
22b1ea3a-0e60-44be-84ee-7928e16ee2f0,membered.tours,available,5.98,81.98,medium,low,8,namecheap,,,24/08/2026 19:49
74ad4ba1-18e5-4945-baf3-03245fccc023,unkeyed.tours,available,5.98,81.98,low,low,7,namecheap,,,07/08/2026 13:50
a889f122-9dac-4cca-9ce3-7bb03fe9e79a,nuprin.tours,available,10.99,61.99,medium,low,6,namesilo,,,17/09/2026 11:20
a339ab51-e508-49aa-ad09-07f5ccdf14d8,alfalfa.tours,available,10.99,61.99,high,low,7,namesilo,,,18/09/2026 06:07
0c4e4e12-e9e9-43a0-9dcc-64dfde05a66c,azygous.tours,available,5.98,81.98,medium,low,7,namecheap,,,08/08/2026 03:27
142cff10-33b8-47ac-98a5-a3df6afbae23,distinction.tours,available,9.99,,high,low,11,name.com,,,
f86d6de0-71e5-4683-aa49-edff84f72cfe,farthest.tours,available,10.99,61.99,medium,low,8,namesilo,,,24/09/2026 17:05
4417d043-c747-4dc8-84d5-3d89e7ebcea4,unplayable.tours,available,5.98,81.98,medium,low,10,namecheap,,,12/09/2026 16:54
0da94660-f9dd-4c83-8866-06ccbafc6805,ships.tours,available,10.99,61.99,high,low,5,namesilo,,,18/09/2026 14:07
c5e47d1b-eb42-478e-8838-df8e7b327b1a,cockpit.tours,available,9.99,,high,low,7,name.com,,,
e4b2b1d9-83af-4d21-822b-283e7319e71f,tells.tours,available,10.99,61.99,medium,low,5,namesilo,,,18/09/2026 14:10
4fcd2013-da82-4c63-a07d-9b35edcf63d5,jubilant.tours,available,5.98,81.98,high,low,8,namecheap,,,17/08/2026 19:46
6f3276d3-1c0b-4d93-92be-117b87c575e0,nonsteroid.tours,available,5.98,81.98,medium,low,10,namecheap,,,03/09/2026 20:43
e4690878-e39a-47b6-adaf-00db6833ae36,auspices.tours,available,10.99,61.99,high,low,8,namesilo,,,17/09/2026 12:16
e4014e83-d048-4d48-985e-775930d171eb,transported.tours,available,10.99,61.99,high,low,11,namesilo,,,16/09/2026 07:05
ec4bd2d6-8f06-484f-917d-5763851a7c1b,giovanni.tours,available,10.99,61.99,high,low,8,namesilo,,,25/09/2026 14:42
b69af646-41f2-4e49-aabc-2f02349e7003,tewkesbury.tours,available,5.98,81.98,medium,low,10,namecheap,,,22/09/2026 16:07
a683f848-f6dc-4086-a621-6bbceca28c4a,anthracite.tours,available,10.99,61.99,medium,low,10,namesilo,,,19/09/2026 13:48
8e4fca32-9e07-46ad-bb89-b662c5dd5257,cuneiform.tours,available,5.98,81.98,medium,low,9,namecheap,,,13/08/2026 10:34
bd5db0bc-9a98-4358-ad91-c79de03b82b4,tubal.tours,available,5.98,81.98,medium,low,5,namecheap,,,11/09/2026 20:53
a2f2eaaf-32ac-45ba-b686-74971be7966f,sunhat.tours,available,9.99,,high,low,6,name.com,,,
f2e671b2-200a-4d50-ab92-86545ed8c6c0,vested.tours,available,5.98,81.98,high,low,6,namecheap,,,13/09/2026 04:49
3ecad363-e31f-4fd7-8ebe-0bd0e30e94ac,aorist.tours,available,10.99,61.99,medium,low,6,namesilo,,,19/09/2026 16:03
462a2dcf-9eeb-40e1-9004-4d890f738ab1,cheesecakes.tours,available,5.98,81.98,medium,low,11,namecheap,,,08/09/2026 07:37
0dbacc2c-5188-4679-963d-5a0e4570ed80,spastic.tours,available,5.98,81.98,medium,low,7,namecheap,,,13/08/2026 00:06
d7e4fb8b-2a85-4cac-8b10-60c3b221e956,payment.tours,available,5.98,81.98,high,low,7,namecheap,,,25/09/2026 23:01
7336ebaf-0e5d-482f-9f0a-f7374f547fe0,dural.tours,available,5.98,81.98,medium,low,5,namecheap,,,14/08/2026 21:30
9470cda8-7b51-4eb8-a3f0-88f19a8ddb2a,moated.tours,available,5.98,81.98,medium,low,6,namecheap,,,25/08/2026 02:14
5a219c3b-dc28-42d5-818a-2dfa5692f9b2,spookily.tours,available,5.98,81.98,medium,low,8,namecheap,,,14/09/2026 15:07
3ee2f70f-4a18-4754-abea-47eb9a300cca,blameless.tours,available,5.98,81.98,high,low,9,namecheap,,,10/08/2026 12:53
a5677345-58f1-46cf-ba81-522fb806846e,lillian.tours,available,10.99,61.99,medium,low,7,namesilo,,,26/09/2026 03:34
d63ccd47-dbb2-468c-bb1c-72e38af87c09,dominate.tours,available,5.98,81.98,high,low,8,namecheap,,,16/09/2026 01:33
06cb59b4-45dd-4957-ae42-1d69367ad00c,satan.tours,available,9.99,,high,low,5,name.com,,,
1106e3ca-317c-4da1-b74d-6b5ebcbae4dd,weary.tours,available,10.99,61.99,high,low,5,namesilo,,,22/09/2026 15:10
a4d53e65-dfdb-4798-b5d8-2df497e18829,bills.tours,available,10.99,61.99,high,low,5,namesilo,,,18/09/2026 06:49
96d99e64-7fb9-4044-be92-c232ad4b2f8d,provinces.tours,available,10.99,61.99,medium,low,9,namesilo,,,18/09/2026 15:35
010bf0c6-a5da-43f3-bf12-30ef55573dd6,frothing.tours,available,5.98,81.98,medium,low,8,namecheap,,,18/08/2026 09:42
6940af1a-cdf2-469d-9e5e-dea310e7a050,businessmen.tours,available,10.99,61.99,high,low,11,namesilo,,,21/09/2026 02:14
7ee226e8-b20b-4586-aba3-bfdd69581f02,bribable.tours,available,5.98,81.98,medium,low,8,namecheap,,,11/08/2026 03:42
c4acb848-a82b-4c00-8391-7ee09e8f99c8,cnn.tours,available,9.99,,high,low,3,name.com,,,
8fbfc0b1-7d88-4496-a3ed-b6894b75d208,tributary.tours,available,5.98,81.98,high,low,9,namecheap,,,12/08/2026 20:32
c182c571-76d1-4696-a75f-21f196889054,viewless.tours,available,5.98,81.98,medium,low,8,namecheap,,,13/09/2026 05:40
45936348-d50d-455c-a739-8e258f570041,conflicts.tours,available,5.98,81.98,medium,low,9,namecheap,,,19/09/2026 21:22
870d9ecf-fcb9-43d4-a679-e89728fa8763,motionless.tours,available,5.98,81.98,medium,low,10,namecheap,,,25/08/2026 07:28
2e34990e-0a5e-4ded-9729-061e69b75ea4,warp.tours,available,9.99,,high,medium,4,name.com,,,
8e6aaa61-db74-4724-a483-276aa45b00c5,asura.tours,available,5.98,81.98,high,low,5,namecheap,,,20/09/2026 18:26
709de306-5c3b-4ffc-9e7f-d1cbd7d2928f,civilly.tours,available,5.98,81.98,medium,low,7,namecheap,,,14/09/2026 06:57
e8d573be-3203-4624-9de4-da0ebefd81fd,renunciant.tours,available,5.98,81.98,medium,low,10,namecheap,,,09/09/2026 14:23
77f1b538-5d09-4733-afbe-886b5a944851,armchair.tours,available,10.99,61.99,high,low,8,namesilo,,,20/09/2026 06:33
80bc30bc-1876-4b54-9e06-61439788f268,fungal.tours,available,5.98,81.98,medium,low,6,namecheap,,,18/08/2026 18:28
42c1cdd1-1f7d-44a2-9a9d-bcb239ed7305,mindless.tours,available,5.98,81.98,medium,low,8,namecheap,,,07/08/2026 02:48
9371c124-f2ca-4817-8e05-ddc8481db17b,somnolent.tours,available,5.98,81.98,medium,low,9,namecheap,,,10/09/2026 11:38
fb6d9114-b71b-4cd1-b389-d59afea8346a,doubled.tours,available,5.98,81.98,high,low,7,namecheap,,,14/08/2026 16:55
8b979abb-5b43-4e7b-b317-d77b4aae4ee8,criterion.tours,available,9.99,,high,low,9,name.com,,,
a472cc91-217a-4c6f-9e5c-68e798caec03,compute.tours,available,10.99,61.99,high,low,7,namesilo,,,19/09/2026 14:03
4f99cd80-3c85-4b56-a5aa-2e6c5089e1f8,algebra.tours,available,10.99,61.99,high,low,7,namesilo,,,18/09/2026 06:54
71cf5b72-80a7-4e9e-9335-5804dda1e9cd,newer.tours,available,10.99,61.99,medium,low,5,namesilo,,,18/09/2026 15:53
47c45313-2b9d-42ba-94b4-082d20b8f4b5,accretive.tours,available,5.98,81.98,medium,low,9,namecheap,,,
ffcb1f29-d3bc-414b-a347-c89e1656f745,eggplant.tours,available,9.99,83.99,high,low,8,name.com,,,21/09/2026 02:30
d3d515ea-3e22-438c-90ca-441d44e2c3fc,achiever.tours,available,9.99,,high,low,8,name.com,,,
5321fca9-dc91-4b82-9053-2433190cad1b,quaternary.tours,available,5.98,81.98,medium,low,10,namecheap,,,
47a6ef38-4355-470b-8969-edcfb55d46a2,leap.tours,available,10.99,61.99,high,medium,4,namesilo,,,23/09/2026 01:39
a8e29b72-7a5a-49a0-9204-91cf5e8794b6,xxi.tours,available,10.99,61.99,high,low,3,namesilo,,,21/09/2026 12:32
c8ab65dd-fa36-4e32-92da-c54e910bd676,perinatal.tours,available,5.98,81.98,medium,low,9,namecheap,,,08/09/2026 17:07
419f0ad0-d5df-4003-8e5e-69ea5582b75a,gory.tours,available,5.98,81.98,medium,low,4,namecheap,,,10/08/2026 15:23
4d9f7021-ce1f-4526-9298-b08249b162e1,fluky.tours,available,5.98,81.98,medium,low,5,namecheap,,,18/08/2026 09:19
2ca0ce12-6719-4508-a428-01e9206a0997,formless.tours,available,5.98,81.98,medium,low,8,namecheap,,,
a275c397-9474-42da-9671-f66d25314a28,crass.tours,available,5.98,81.98,medium,low,5,namecheap,,,13/08/2026 05:23
09aa6edf-ff43-4bc4-bc7a-d66151e8f981,malaria.tours,available,9.99,,high,low,7,name.com,,,
33e195c9-0bb8-4c1b-9a7d-67005a5dd427,storyboards.tours,available,10.99,61.99,medium,low,11,namesilo,,,20/09/2026 14:39
cfa2a28e-891e-4441-977d-710d1d40eaa3,brutally.tours,available,5.98,81.98,medium,low,8,namecheap,,,14/09/2026 01:41
ced89301-425f-4703-adaf-e7c7f782e6ea,stadia.tours,available,5.98,81.98,high,low,6,namecheap,,,17/09/2026 09:03
7b3a093e-d938-4b28-bf66-5f64abee3417,handsome.tours,available,5.98,81.98,high,low,8,namecheap,,,09/08/2026 18:09
90d01436-86ea-4ca6-8f45-c02ea5f1249c,lowbred.tours,available,14.14,61.99,low,low,7,namesilo,,,10/08/2026 22:02
ff2205d1-4284-4e01-8292-950f19bd2c30,king.tours,resell,,,high,medium,4,"Sav.com, LLC - 37",29/08/2026 15:15,29/08/2027 15:15,26/09/2026 07:05
6e5e44ca-c494-48fc-86ec-27e29bc88365,unrested.tours,available,5.98,81.98,medium,low,8,namecheap,,,12/09/2026 18:02
e1c6a6fd-3f2a-4025-b6b9-e0215a5ca500,blench.tours,available,5.98,81.98,high,low,6,namecheap,,,04/09/2026 23:29
6623c4cb-06df-4b4c-b06d-bce71cf5e463,mixing.tours,available,9.99,,high,low,6,name.com,,,
594ada1a-406c-48e8-b769-97a588927ade,brainy.tours,available,5.98,81.98,high,low,6,namecheap,,,11/08/2026 01:53
bf6ea0c8-f163-49da-b729-14b8cd387222,stabile.tours,available,5.98,81.98,medium,low,7,namecheap,,,21/08/2026 21:21
2cc1f41d-5271-4aa8-8fa7-7ff4290f8a22,bequest.tours,available,10.99,61.99,high,low,7,namesilo,,,23/09/2026 09:04
3fb72220-c352-4907-8c53-b42454c9360f,shouts.tours,available,10.99,61.99,medium,low,6,namesilo,,,18/09/2026 07:00
010f12c5-a76f-4710-aecf-3c1a68d66b7f,wastes.tours,available,10.99,61.99,medium,low,6,namesilo,,,17/09/2026 07:45
6d09ff65-7461-4bc2-b46d-588f47099532,mendacious.tours,available,5.98,81.98,medium,low,10,namecheap,,,24/08/2026 20:04
6d5ba601-391c-4c06-aa38-58369855b467,case.tours,available,9.99,,high,low,4,name.com,,,
a61d61b4-7217-4c46-be96-08f028e5ea85,conjointly.tours,available,5.98,81.98,medium,low,10,namecheap,,,14/09/2026 07:27
df31f4b1-5a4f-4e18-959f-d2443b715e80,alimentary.tours,available,5.98,81.98,medium,low,10,namecheap,,,
051fc17d-db70-41a5-97d9-f5b100305c82,abasic.tours,available,5.98,81.98,medium,low,6,namecheap,,,
0017e5ca-0287-4406-9890-f73b5fa37b97,nucleate.tours,available,5.98,81.98,medium,low,8,namecheap,,,03/09/2026 22:24
f3f88f3b-d757-44b6-b467-5d2ce67390cd,barbershop.tours,available,10.99,61.99,high,low,10,namesilo,,,22/09/2026 04:52
8742f109-6b35-4fcc-8043-24a4a561cb03,fiery.tours,available,5.98,81.98,high,low,5,namecheap,,,06/08/2026 16:24
fb500d62-ef7b-42b9-89ae-bbaf30919e95,untamed.tours,available,5.98,81.98,high,low,7,namecheap,,,12/09/2026 20:55
0456b4e1-4717-4121-b367-519466ea9f9d,baked.tours,available,5.98,81.98,high,low,5,namecheap,,,
a5785988-c8fc-491d-b669-7471c11122f9,moneyless.tours,available,5.98,81.98,medium,low,9,namecheap,,,25/08/2026 04:43
83ff0c35-8889-4f5a-80ea-d20257e27494,granth.tours,available,10.99,61.99,high,low,6,namesilo,,,17/09/2026 08:05
381f1288-441d-4fad-b389-b7012e36d289,adorable.tours,available,5.98,81.98,high,low,8,namecheap,,,21/09/2026 19:18
d9080ea6-84b7-400e-bbf8-75e456923a9f,trillionaire.tours,available,9.99,,high,low,12,name.com,,,
f2ca602b-5429-4357-818c-4091d937bdb2,disposed.tours,available,9.99,,high,low,8,name.com,,,
faacd514-dab9-4505-80fc-ec5db0368dba,artificial.tours,available,10.99,61.99,high,low,10,namesilo,,,22/09/2026 08:57
51cd13a4-f243-4a48-8fea-f9cda957c98f,alterable.tours,available,10.99,61.99,high,low,9,namesilo,,,22/09/2026 02:18
cd84f812-5444-4c4c-87fa-427a23541fdd,await.tours,available,9.99,,high,low,5,name.com,,,
9432fea7-561f-4581-8ff3-cd10f81a2481,production.tours,available,5.98,81.98,high,low,10,namecheap,,,19/09/2026 18:56
d894cf4a-b844-4df7-aadf-bc26e8d1d4e6,fledgeling.tours,available,5.98,81.98,high,low,10,namecheap,,,18/08/2026 07:32
7c75618b-c8c4-4f04-8542-d42adb4ba3e9,jaw.tours,available,10.99,61.99,high,low,3,namesilo,,,27/09/2026 03:31
540d1604-4912-4390-8cdc-2b4b9af689bf,highborn.tours,available,5.98,81.98,medium,low,8,namecheap,,,13/08/2026 01:48
e841fa53-baa6-4e8d-90d5-bf2c4c2c24bc,bitch.tours,available,9.99,83.99,high,low,5,name.com,,,23/09/2026 00:22
4a60c73a-a960-479e-b645-445cce202776,deciders.tours,available,5.98,81.98,medium,low,8,namecheap,,,20/09/2026 23:38
d4942aca-417f-490c-bca1-af6499b4d8fe,aucuba.tours,available,10.99,61.99,medium,low,6,namesilo,,,21/09/2026 02:47
3bad6411-b96c-4fc1-9f14-cbc582c1006f,pervert.tours,available,10.99,61.99,high,low,7,namesilo,,,23/09/2026 23:54
1c4f05ff-6cd0-45cf-bb7f-993e40b84423,earth.tours,available,,,high,medium,5,,,,
798377cb-d642-4dad-aea1-9fbfc130c98e,proactive.tours,available,9.99,,high,low,9,name.com,,,
8607de94-5bab-4713-a04d-92271c798b77,basics.tours,available,9.99,,high,low,6,name.com,,,
49dd5e09-5cb3-47e2-abfe-69ac0c902a49,crease.tours,available,5.98,81.98,high,low,6,namecheap,,,13/08/2026 07:14
fd0d9176-9052-4568-ba1b-6aad7ba1e03e,tired.tours,available,10.99,61.99,high,low,5,namesilo,,,22/09/2026 16:41
7fb6f389-2cb5-4018-8ace-6f714340c42b,interbrain.tours,available,10.99,61.99,medium,low,10,namesilo,,,23/09/2026 11:55
9be2e85d-1b75-4838-a644-1904d21944b4,camisole.tours,available,10.99,61.99,high,low,8,namesilo,,,24/09/2026 11:52
0957444a-17da-46ef-be34-db083dd2c200,amaranth.tours,available,10.99,61.99,high,low,8,namesilo,,,18/09/2026 15:50
0097f922-a628-40fe-a361-e32ca35d70d8,whose.tours,available,9.99,,high,low,5,name.com,,,
6bfd3468-15a1-4255-b79e-15d552be7c2d,distortion.tours,available,5.98,81.98,high,low,10,namecheap,,,11/09/2026 21:55
899ea8a8-9966-4142-9efd-3d4a59ebbdc1,bangle.tours,available,5.98,81.98,high,low,6,namecheap,,,22/09/2026 01:57
dc9ca13f-f3ac-4208-a888-609ccb023b08,intercultural.tours,available,9.99,,high,low,13,name.com,,,
5874e641-cb6e-4ebd-9ad2-aad42ffc717e,enjoyable.tours,available,5.98,81.98,high,low,9,namecheap,,,17/08/2026 09:17
6c5926a9-e277-4857-8e33-f474cee529d2,hazard.tours,available,9.99,,medium,low,6,name.com,,,
85767cb2-7b82-4e6c-9e77-0c9fd537542d,yob.tours,available,5.98,81.98,medium,low,3,namecheap,,,11/08/2026 08:46
75b0e4f2-bf6d-4227-9773-346b4def53fe,alight.tours,available,5.98,81.98,high,low,6,namecheap,,,
6283e5d6-555a-426d-8c33-353747ec8cd5,semiliquid.tours,available,5.98,81.98,medium,low,10,namecheap,,,10/09/2026 03:07
23d0a5db-ceca-46b6-bf1a-3145b17c2c21,chimney.tours,available,9.99,,high,low,7,name.com,,,
78b72b46-0428-460b-bbff-6117179bb758,ontogeny.tours,available,5.98,81.98,high,low,8,namecheap,,,20/08/2026 20:29
ab2e2ced-e89f-4b3f-a010-5ee94dd5ac9b,faster.tours,available,5.98,81.98,high,low,6,namecheap,,,14/09/2026 17:46
ddc12333-f091-46ae-87c1-8862f6c0e63e,beech.tours,available,10.99,61.99,high,low,5,namesilo,,,23/09/2026 00:02
6312ac5b-8913-433d-ab75-296383e69908,firstborn.tours,available,5.98,81.98,high,low,9,namecheap,,,16/08/2026 02:17
798747ca-adc1-4197-bc4a-047a57a0e012,terminated.tours,available,10.99,61.99,high,low,10,namesilo,,,19/09/2026 16:25
8c78e29d-ab1d-4d40-9a22-a754652d9e03,recusant.tours,available,5.98,81.98,medium,low,8,namecheap,,,14/08/2026 12:28
2423e326-4eea-4f86-b185-9617d9c371b8,carelessly.tours,available,5.98,81.98,medium,low,10,namecheap,,,14/09/2026 05:19
6d41ae13-5f81-4f7c-940f-db80d87e10c0,standby.tours,available,5.98,81.98,high,low,8,namecheap,,,10/09/2026 18:37
c6c9c100-5033-476b-9b08-e051f160eb7e,smile.tours,resell,,,high,medium,5,Dynadot Inc,27/07/2026 17:00,27/07/2027 17:00,26/09/2026 09:06
392f88f0-dded-45c5-b0cb-0cac6ee6a9a7,practicality.tours,available,5.98,81.98,high,low,12,namecheap,,,16/09/2026 09:33
4fb1a159-18a7-415d-ad0f-f5238728cd11,airline.tours,available,9.99,,high,low,7,name.com,,,
b2a26a7e-9622-4422-8e2d-382e4af70c26,younger.tours,available,10.99,61.99,high,low,7,namesilo,,,25/09/2026 12:10
549821d5-c877-4d1b-b99d-70a865197bfe,grandmother.tours,available,9.99,,high,low,11,name.com,,,
8111119c-6141-484c-a502-2b186149cc5a,debt.tours,available,9.99,,high,low,4,name.com,,,
a9210852-9c7b-4c27-8524-938d4c671ec8,unrefined.tours,available,5.98,81.98,medium,low,9,namecheap,,,12/09/2026 17:28
9aecb3e4-ac6e-4d9b-badc-9a6c387065f3,hemophilia.tours,available,10.99,61.99,medium,low,10,namesilo,,,24/09/2026 05:26
71931986-8fb3-4987-9b69-114fb9e1d59e,cabbage.tours,available,9.99,,high,low,7,name.com,,,
4bc773ae-dc57-4084-b5f8-5eb288373cb3,rigid.tours,available,9.99,,high,low,5,name.com,,,
5887234b-ea68-48e6-b94d-7dd49638c7aa,deposits.tours,available,9.99,,medium,low,8,name.com,,,
70ed24cd-6ccb-4a0a-bdf8-d60fdff65250,eagre.tours,available,5.98,81.98,medium,low,5,namecheap,,,14/08/2026 22:16
351bb35b-3452-41f7-a311-b92fbda3c24f,payable.tours,available,5.98,81.98,high,low,7,namecheap,,,12/08/2026 16:58
f3d18955-c341-43fd-8c43-f5de45926bcd,hate.tours,available,9.99,,high,low,4,name.com,,,
62d44a89-4b45-4a86-bd67-bb1e9976dc00,knowledgeable.tours,available,10.99,61.99,high,low,13,namesilo,,,25/09/2026 05:42
28e9086a-08af-4601-9089-f7bff6bcd0de,abm.tours,available,10.99,61.99,high,low,3,namesilo,,,16/09/2026 16:15
d8ee3b0c-9d4c-4522-8453-0c8f456e1e51,foliate.tours,available,5.98,81.98,high,low,7,namecheap,,,18/08/2026 10:15
a6442813-2760-4d5a-83bf-724890af2cdb,postmortal.tours,available,5.98,81.98,medium,low,10,namecheap,,,09/09/2026 00:33
170ac2cd-890a-4d19-a411-eee21c1646ac,meagre.tours,available,5.98,81.98,medium,low,6,namecheap,,,24/08/2026 18:04
866847af-a756-4b1e-97f1-66228aa4941a,cortical.tours,available,5.98,81.98,medium,low,8,namecheap,,,13/08/2026 02:35
b27f49f6-a365-4a8b-9050-02fa34d1e79a,works.tours,available,5.98,81.98,high,low,5,namecheap,,,24/09/2026 21:13
04b1b758-d0d2-48d4-9f8c-e7d79bf86d74,ruttish.tours,available,5.98,81.98,medium,low,7,namecheap,,,21/08/2026 14:10
52e3fd65-0e84-4d7e-91ee-e94e74fa6354,pirate.tours,available,9.99,,high,low,6,name.com,,,
b0afe4ba-2b39-4367-b406-217e4fc171d2,impending.tours,available,5.98,81.98,high,low,9,namecheap,,,21/08/2026 20:59
2ebe5558-b896-47e7-9b1c-65876e730fbc,murdered.tours,available,5.98,81.98,medium,low,8,namecheap,,,03/09/2026 11:02
2e689262-2057-4339-ab62-9b978aeed53a,keno.tours,available,10.99,61.99,high,low,4,namesilo,,,22/09/2026 20:42
a68fc598-20fa-4534-831c-9ecda2e5e046,beshrew.tours,available,9.99,83.99,medium,low,7,name.com,,,13/08/2026 16:19
4a78caf6-1916-4507-ba4b-0fae53fed07c,florentine.tours,available,5.98,81.98,high,low,10,namecheap,,,18/08/2026 08:58
cd1059d3-7e77-435c-8f87-07b65072a481,initially.tours,available,9.99,,high,low,9,name.com,,,
0232e46a-8fca-49f9-84cc-137c5398d8ed,corbett.tours,available,10.99,61.99,high,low,7,namesilo,,,27/09/2026 03:35
3c0dedb3-6f47-4eb8-bf9e-6c8db3276aa3,arachnoid.tours,available,5.98,81.98,medium,low,9,namecheap,,,06/08/2026 11:41
a445e073-ba27-45a0-8239-7d13968073cd,humanlike.tours,available,5.98,81.98,medium,low,9,namecheap,,,
6b4edd63-7fdd-4f29-8b97-321ab0f16809,voltaire.tours,available,10.99,61.99,high,low,8,namesilo,,,20/09/2026 08:29
3302a649-e823-4737-bbe8-c97a508fb562,postoffice.tours,available,9.99,,high,low,11,name.com,,,
d7c251c4-e674-4db5-aef4-37a2f33a7457,performs.tours,available,9.99,,medium,low,8,name.com,,,
840212fb-9af5-4496-b35a-532cd3f12475,phillip.tours,available,10.99,61.99,high,low,7,namesilo,,,17/09/2026 13:24
37159e0f-a7f7-41f3-9076-17f2e5fc40bd,antagonist.tours,available,10.99,61.99,high,low,10,namesilo,,,17/09/2026 10:48
7e3c7418-395e-43b7-ae78-1731391dbb0c,gustatory.tours,available,5.98,81.98,medium,low,9,namecheap,,,20/08/2026 21:07
a19d5255-7879-4477-a5ea-0f0404937e04,defensible.tours,available,5.98,81.98,high,low,10,namecheap,,,13/08/2026 23:11
994db8b5-f234-4b24-be96-e8d1520d97fc,crook.tours,available,5.98,81.98,medium,low,5,namecheap,,,13/08/2026 06:27
af91d370-8b02-449e-b7d2-b7f5a13ac162,araguaia.tours,available,10.99,61.99,medium,low,8,namesilo,,,19/09/2026 23:45
35dfc34e-4d89-4c95-ba3b-61d5febfd2f6,olympia.tours,available,9.99,,high,low,7,name.com,,,
4b98065a-3dc7-4402-af3a-f6e3fdb8341d,bankers.tours,available,5.98,81.98,medium,low,7,namecheap,,,20/09/2026 11:37
34c1fa79-a2f9-4690-898f-7e700a6ad49c,clapper.tours,available,9.99,83.99,medium,low,7,name.com,,,19/09/2026 20:51
f084d04a-fd6a-4cf6-8c09-64a418f9e99d,confiding.tours,available,5.98,81.98,high,low,9,namecheap,,,12/08/2026 20:45
e1b5b14d-4924-4a5a-acd0-77bc5e7016e9,autarky.tours,available,10.99,61.99,medium,low,7,namesilo,,,21/09/2026 05:04
ad2fc8d5-5217-47a7-97d7-d8907aa555a3,rampantly.tours,available,5.98,81.98,medium,low,9,namecheap,,,13/09/2026 11:58
bfd1626e-606b-4a15-83e9-097a5ca93ca1,guards.tours,available,9.99,,high,low,6,name.com,,,
bc91c3a9-3a92-4e33-b58c-240af85cebb8,outlawed.tours,available,5.98,81.98,medium,low,8,namecheap,,,21/08/2026 19:52
271cfb0c-ac8f-43bb-868d-4f40414b9b2c,modem.tours,available,9.99,,high,low,5,name.com,,,
4cdf8db6-8df9-473f-8bcc-3bd7e1dff1e0,prudent.tours,available,9.99,,high,low,7,name.com,,,
2779625b-62d6-4693-b7e3-50ff75d209bb,march.tours,available,,,high,high,5,,,,
2f178ddc-1095-47dc-b2bc-ffa81e00ef33,lifelong.tours,available,5.98,81.98,high,low,8,namecheap,,,23/08/2026 01:51
b6241962-5c22-465a-9b74-aff57b4307a4,biting.tours,available,5.98,81.98,high,low,6,namecheap,,,08/08/2026 16:41
4d53bb49-6376-412c-8960-87cf21ec89fd,graded.tours,available,5.98,81.98,high,low,6,namecheap,,,20/08/2026 17:36
364dff0e-9e89-46f5-ba2c-5b70f62e0ae0,wesley.tours,available,10.99,61.99,high,low,6,namesilo,,,25/09/2026 22:12
41808d52-9f67-4f2d-b768-190b0cccff16,monotonous.tours,available,5.98,81.98,medium,low,10,namecheap,,,25/08/2026 05:30
659cbb16-b64e-4a03-aef7-56feaaf7f28c,energizer.tours,available,10.99,61.99,high,low,9,namesilo,,,19/09/2026 09:06
5ce78d92-fccb-484b-aa4e-e3ad7baf4a15,coffeeberry.tours,available,9.99,,high,low,12,name.com,,,
00caf220-9e90-4531-b0e8-e8ca16d76049,thief.tours,available,9.99,,high,low,5,name.com,,,
33d26609-bd15-4d79-b3e8-f210e7b844d9,molybdenum.tours,available,10.99,61.99,medium,low,10,namesilo,,,20/09/2026 23:05
8ac029ff-c99f-44b5-9733-4a440a486dbe,freaky.tours,available,5.98,81.98,high,low,6,namecheap,,,10/08/2026 10:01
8d298243-797f-4f8c-9978-e3c7d4c7bad9,jumbled.tours,available,5.98,81.98,medium,low,7,namecheap,,,21/08/2026 08:39
7939ebf2-2962-46ab-b4a8-ed3317ba4f0f,colorise.tours,available,5.98,81.98,medium,low,8,namecheap,,,12/08/2026 17:36
8d7f2034-1210-4215-a072-34ff56e058a2,harmsworth.tours,available,10.99,61.99,high,low,10,namesilo,,,18/09/2026 06:27
5b4a3629-4973-4782-be61-6f8cc8558d32,ordinal.tours,available,5.98,81.98,high,low,7,namecheap,,,04/09/2026 17:44
bdd96b24-26ef-4bac-b4ff-c993b32f6a1f,sounding.tours,available,5.98,81.98,high,low,8,namecheap,,,25/09/2026 14:20
66cf0990-e300-46c2-9683-e1754dd6a1d9,glassless.tours,available,5.98,81.98,medium,low,9,namecheap,,,20/08/2026 14:11
c54605a6-e07c-4024-a67d-8010e8842866,loyal.tours,available,5.98,81.98,high,low,5,namecheap,,,25/09/2026 15:30
0e256fd2-df21-4a0e-bac5-5f132fd3f5a9,reentrant.tours,available,5.98,81.98,medium,low,10,namecheap,,,09/09/2026 10:51
3c47691a-5cf3-4966-bfb5-77af79d3e78d,checkup.tours,available,5.98,81.98,high,low,7,namecheap,,,24/08/2026 18:57
dab7a41f-4d9b-4ae1-bd5b-5a4fca3a7615,bruise.tours,available,9.99,,high,low,6,name.com,,,
4cfe1b2f-f32d-4a50-bbf3-ab27b297feaf,koestler.tours,available,10.99,61.99,medium,low,8,namesilo,,,20/09/2026 10:57
8e87baaf-7c63-430b-aa28-935974ee478d,condiment.tours,available,9.99,,high,low,9,name.com,,,
fcf51f93-551f-4a00-a223-da827bcaeb01,autonomic.tours,available,5.98,81.98,high,low,9,namecheap,,,07/08/2026 20:52
d5fd8219-06eb-4b9d-8e36-d31821bea92a,advocacy.tours,available,9.99,83.99,high,low,8,name.com,,,17/09/2026 11:40
2643ced9-d7b0-4468-9505-7ee0e2c1f5dd,dogs.tours,available,5.98,81.98,high,low,4,namecheap,,,17/09/2026 11:22
62814b91-54b9-4272-96e0-88318f3e8dc3,learnt.tours,available,9.99,,medium,low,6,name.com,,,
c706fd1b-e6dc-426c-91ee-b9129494730f,remembering.tours,available,9.99,,high,low,11,name.com,,,
63265363-681b-4197-adc4-24d9a39bc466,immoral.tours,available,5.98,81.98,medium,low,7,namecheap,,,21/08/2026 21:10
0cc05071-a476-4e3c-bd2c-e4c07ea16691,horse.tours,premium,78.54,78.54,high,low,5,namesilo,,,24/09/2026 13:18
d0ed9628-901f-49d9-ad06-bfc127a4710d,shrubby.tours,available,5.98,81.98,medium,low,7,namecheap,,,18/08/2026 17:15
6e51d13c-4ca1-4363-bcd6-3a82eafd0229,pitching.tours,available,9.99,,high,low,8,name.com,,,
b41bd46d-c7ae-49ea-ae54-60519f40db44,bemidji.tours,available,10.99,61.99,high,low,7,namesilo,,,23/09/2026 07:16
9f5e9433-74ff-47d6-82ee-648ed2afec9b,bye.tours,available,9.99,,high,low,3,name.com,,,
2ff07203-06d5-4fd7-9442-0690cba64345,hapless.tours,available,5.98,81.98,medium,low,7,namecheap,,,20/08/2026 23:48
03c32c8e-9286-4644-99c0-027066927613,freshly.tours,available,5.98,81.98,high,low,7,namecheap,,,18/08/2026 15:18
3f4f2047-4b6a-4993-a5c5-5e6f659f8f26,wickedness.tours,available,5.98,81.98,medium,low,10,namecheap,,,17/08/2026 15:06
96b8dc21-076a-4e90-ad27-a54175cdc11a,spaciously.tours,available,5.98,81.98,medium,low,10,namecheap,,,16/09/2026 00:04
fdf0aa58-ad25-4f06-96b3-fa1942f4dad9,attach.tours,available,5.98,81.98,high,low,6,namecheap,,,23/09/2026 19:57
1ecd4ef9-2a94-4966-8b1b-b3284bc20dff,mated.tours,available,5.98,81.98,medium,low,5,namecheap,,,24/08/2026 17:10
97611066-8189-4da0-bb5b-387df985d7d2,catholicism.tours,available,10.99,61.99,high,low,11,namesilo,,,17/09/2026 00:07
225230b2-4203-44fd-98af-ebc4c88c70d0,treeless.tours,available,5.98,81.98,medium,low,8,namecheap,,,11/09/2026 19:10
32781495-14ba-42f3-a148-48b8ac1c8a5b,cogent.tours,available,5.98,81.98,high,low,6,namecheap,,,12/08/2026 15:33
057c85d5-73ae-48ec-ab8d-5bc9af7f2d52,sensor.tours,available,9.99,,high,low,6,name.com,,,
c29d6f7a-c451-4c51-be39-5bb24353d172,monetary.tours,available,5.98,81.98,high,low,8,namecheap,,,25/09/2026 21:29
699cc04a-48b6-4486-b664-526b20e2ae57,sanely.tours,available,5.98,81.98,medium,low,6,namecheap,,,16/09/2026 00:33
25696a93-2d28-4844-8e32-4b48d7446c3d,fleming.tours,available,10.99,61.99,high,low,7,namesilo,,,18/09/2026 05:49
754aa7a0-562a-4e8d-8785-592f98ac12d6,textbook.tours,available,10.99,61.99,high,low,8,namesilo,,,23/09/2026 13:09
1d80bf95-738e-477a-873e-914c3b0aac0a,hemorrhage.tours,available,10.99,61.99,high,low,10,namesilo,,,24/09/2026 05:28
4dd3e877-c9a2-456b-af7b-7bff60ba508a,thorough.tours,available,5.98,81.98,high,low,8,namecheap,,,17/08/2026 17:10
6ea47ede-62e8-498b-8e8f-83929c33fe96,bared.tours,available,5.98,81.98,medium,low,5,namecheap,,,22/09/2026 17:24
f3b17231-02d5-47f1-951d-7252e7fb1078,christian.tours,premium,118.8,118.8,high,medium,9,namesilo,,,23/09/2026 14:35
78103060-9241-4fea-8ec3-b8f2a370201e,dumb.tours,available,5.98,81.98,high,low,4,namecheap,,,14/08/2026 21:03
7bd881e5-0449-4d55-b183-af0157b51a62,jamie.tours,available,5.98,81.98,high,low,5,namecheap,,,25/09/2026 17:50
b0d61a9c-b426-4956-89ad-52c481ce68e7,neutral.tours,available,10.99,61.99,high,low,7,namesilo,,,21/09/2026 16:07
856cf057-949c-4a21-849c-9769c99a7b9c,clique.tours,available,10.99,61.99,high,low,6,namesilo,,,24/09/2026 15:47
8d2e22ef-e7d7-4ff0-aee4-a6e029074b63,brownish.tours,available,5.98,81.98,medium,low,8,namecheap,,,11/08/2026 06:19
02216e7d-e96b-4572-8142-da93d44f6c20,programmes.tours,available,10.99,61.99,medium,low,10,namesilo,,,20/09/2026 10:20
64f2bafb-d703-495b-a07f-5a87c8f913ab,bigeye.tours,available,10.99,61.99,high,low,6,namesilo,,,23/09/2026 15:04
a49b1cc7-204d-4b21-92a9-70182f2bac7e,lashings.tours,available,5.98,81.98,high,low,8,namecheap,,,14/09/2026 23:38
3ddecee6-1459-4e7c-8664-101f5b4d44ea,lions.tours,available,9.99,,high,low,5,name.com,,,
3f19a8ca-a037-4724-acd4-c063e9710572,conducting.tours,available,9.99,,high,low,10,name.com,,,
5d7311a3-8f43-482b-b72b-9d4499e22471,woodbine.tours,available,5.98,81.98,medium,low,8,namecheap,,,18/09/2026 20:11
0b9ce636-42e3-481e-9a3d-212bbe3d05f4,eyeshadow.tours,available,5.98,81.98,high,low,10,namecheap,,,
cd9df1d1-a635-43bc-ae6b-6780c83bc8d9,freckled.tours,available,5.98,81.98,medium,low,8,namecheap,,,18/08/2026 14:26
5d954d7e-d12d-4120-968d-fd0d0aa1f443,troglodyte.tours,available,5.98,81.98,medium,low,10,namecheap,,,09/09/2026 11:43
2717fd65-e54b-4da7-aa1a-fc26c08cfac7,wiccan.tours,available,5.98,81.98,high,low,6,namecheap,,,13/09/2026 11:46
c8d87974-2953-4b61-a5a2-182b2b455828,soluble.tours,available,5.98,81.98,high,low,7,namecheap,,,10/09/2026 13:45
ad9e4c08-faea-4e47-b3a4-0dd9a19caa2b,propagated.tours,available,9.99,,medium,low,10,name.com,,,
9dad3430-1b00-4279-b7f0-982a684d0132,senile.tours,available,5.98,81.98,medium,low,6,namecheap,,,14/08/2026 14:36
6cc5c9c1-ec39-463f-bad3-508c1bea4146,skywards.tours,available,5.98,81.98,medium,low,8,namecheap,,,10/09/2026 09:51
ec01eafd-041c-49e5-9586-042f4e4c3a6f,argonaut.tours,available,5.98,81.98,high,low,8,namecheap,,,20/09/2026 04:31
7e460d04-95df-4938-8f31-319bada297ac,wired.tours,available,9.99,,high,low,5,name.com,,,
9e2421f8-39cd-4d42-bbae-1c3ceea93e6a,anorak.tours,available,10.99,61.99,high,low,6,namesilo,,,19/09/2026 11:41
6cf91682-f5e7-47e4-9f1e-357f6b2cd20b,toed.tours,available,5.98,81.98,medium,low,4,namecheap,,,11/09/2026 16:41
3d0b132f-a287-4e6d-9117-8ae56599aa3b,wavy.tours,available,5.98,81.98,high,low,4,namecheap,,,13/08/2026 06:54
601d153b-8115-4598-bafc-672cc8198a3d,homesick.tours,available,5.98,81.98,high,low,8,namecheap,,,21/08/2026 11:13
e059cf41-8ff4-43ec-a983-dbd60be51d6a,country.tours,premium,118.8,118.8,high,low,7,namesilo,,,
f33e744d-7118-407c-a20c-6b5cda0073db,patton.tours,available,10.99,61.99,high,low,6,namesilo,,,25/09/2026 16:06
709390cd-28f2-4de2-94cf-501d605e8a96,eponymous.tours,available,5.98,81.98,high,low,9,namecheap,,,17/08/2026 11:29
e245ecd5-1624-470a-b33c-c838c22b828d,swingy.tours,available,5.98,81.98,medium,low,6,namecheap,,,23/08/2026 09:29
8213a798-675b-4624-af74-07de395ba565,equivocal.tours,available,5.98,81.98,high,low,9,namecheap,,,
4e3b3b49-05fa-4c44-b761-8f0a0a6e72a5,fallen.tours,available,5.98,81.98,high,low,6,namecheap,,,24/09/2026 16:26
6db740b6-c623-4a50-89fa-ad1494a7b43b,heady.tours,available,5.98,81.98,high,low,5,namecheap,,,18/08/2026 10:29
548280f2-cd79-4d92-b77b-61439e31f87a,employ.tours,available,5.98,81.98,high,low,6,namecheap,,,08/09/2026 13:39
5540fbde-fb32-400e-a66a-f929b5b1470d,expecting.tours,available,9.99,,high,low,9,name.com,,,
453091e4-9f1a-4d55-a2f9-350e0ec07f1c,coequal.tours,available,5.98,81.98,medium,low,7,namecheap,,,12/08/2026 15:22
02392205-9e8f-42b5-822a-23659a818f5d,distrust.tours,available,10.99,61.99,high,low,8,namesilo,,,24/09/2026 23:13
2e0c47fe-47a2-41c3-8efc-9efcb34f4b67,shelf.tours,available,9.99,,high,low,5,name.com,,,
17b7da96-d101-45d0-abb1-a7aeaa67de62,carribean.tours,available,9.99,,high,low,9,name.com,,,
535f3298-bbfd-4a17-9d38-502c3ea8cfb6,hotcake.tours,available,10.99,61.99,high,low,7,namesilo,,,22/09/2026 14:33
17a16410-aa41-45c0-8da3-9e6067d05eda,adps.tours,available,10.99,61.99,medium,low,4,namesilo,,,17/09/2026 09:53
c249e256-ff4e-49fb-9391-bcaa185cf510,selfmade.tours,available,5.98,81.98,high,low,9,namecheap,,,10/09/2026 02:03
67cf38df-2cd8-43f9-92f7-7037faabe687,robert.tours,available,5.98,81.98,high,low,6,namecheap,,,25/09/2026 07:17
c074719f-cba0-4ef2-9ed7-cc78717c5ed3,pennyroyal.tours,available,5.98,81.98,high,low,10,namecheap,,,18/09/2026 20:31
aa48f44d-e703-4459-acfd-9431c8ee3fda,facts.tours,available,10.99,61.99,high,low,5,namesilo,,,23/09/2026 17:41
52e9abfa-4d13-4412-a770-5751869d06be,abbess.tours,available,10.99,61.99,medium,low,6,namesilo,,,16/09/2026 14:23
27872c76-aba1-43e2-bd2d-1f04e324df99,logy.tours,available,5.98,81.98,medium,low,4,namecheap,,,18/08/2026 09:55
8d9b9ff3-a068-47b1-9012-274f69c78fc1,fugitive.tours,available,5.98,81.98,high,low,8,namecheap,,,18/08/2026 07:53
e5405e2d-a1a1-4356-9d17-72412befeeb5,commuter.tours,available,10.99,61.99,high,low,8,namesilo,,,24/09/2026 16:39
0256583f-d92a-4e0e-9042-8bb092e0d167,punctually.tours,available,5.98,81.98,medium,low,10,namecheap,,,14/09/2026 14:45
e36f1110-70c8-4766-a816-dc4de90f5868,barm.tours,available,10.99,61.99,medium,low,4,namesilo,,,22/09/2026 06:34
ddefebe8-763b-4ff6-8559-2fb33d00ada7,soundly.tours,available,10.99,61.99,high,low,7,namesilo,,,16/09/2026 05:34
8af3e548-5a92-4645-956c-6a5ed4be0bb8,expectancy.tours,available,10.99,61.99,high,low,10,namesilo,,,19/09/2026 14:15
3eee9e9c-6cf5-452c-b854-232d039c46e4,designers.tours,available,10.99,61.99,high,low,9,namesilo,,,27/09/2026 02:12
6a2bed84-425a-46ff-b44d-46e55d63ba33,bugbane.tours,available,5.98,81.98,medium,low,7,namecheap,,,18/09/2026 20:09
7e94d964-5c1b-494a-ad7f-28e65ea00887,metastatic.tours,available,5.98,81.98,medium,low,10,namecheap,,,24/08/2026 21:49
da330c10-b620-4095-8c85-1788fa589be5,macdonald.tours,available,10.99,61.99,high,low,9,namesilo,,,25/09/2026 15:47
ebd33cee-71da-44e8-96f5-b68440d0b650,typing.tours,available,9.99,,high,low,6,name.com,,,
511a0cfe-8360-4e01-aabb-55b757371070,scapegrace.tours,available,10.99,61.99,medium,low,10,namesilo,,,24/09/2026 01:41
064cff63-4363-4528-9343-85aa86e91f7f,recovery.tours,available,5.98,81.98,high,low,8,namecheap,,,08/09/2026 13:21
32bf45d6-24d6-4cc1-b0a0-73f4877f20d1,eminently.tours,available,5.98,81.98,medium,low,9,namecheap,,,14/09/2026 15:19
3de83918-405b-48b9-8bcd-0d229735f616,subscribe.tours,available,9.99,,high,low,9,name.com,,,
1928769f-2ea3-4284-bb93-fc2e42493232,antido.tours,available,5.98,81.98,medium,low,6,namecheap,,,19/09/2026 14:17
1793c0c9-75c1-4514-982b-c8258c8fc677,conniption.tours,available,5.98,81.98,medium,low,10,namecheap,,,18/08/2026 05:43
1951bfb3-2e40-4ec0-8504-94b58cc3875d,moscow.tours,premium,500,,high,low,6,name.com,,,
b2e366dc-d21e-493a-bb38-4dd0e0ca7fbe,barebacked.tours,available,5.98,81.98,medium,low,10,namecheap,,,08/08/2026 18:44
b61183a9-6531-421b-8d72-a4075dff0b0e,expound.tours,available,5.98,81.98,high,low,7,namecheap,,,16/08/2026 00:37
31ccb6fc-4fd0-44fa-97d1-b83c983a6759,ardently.tours,available,5.98,81.98,medium,low,8,namecheap,,,13/09/2026 20:41
ed720828-671c-4bdf-b9cb-2aaef8141bb3,leash.tours,available,5.98,81.98,high,low,5,namecheap,,,
c1fda47e-4246-4763-a467-bb61c0a189c7,recklessly.tours,available,5.98,81.98,medium,low,10,namecheap,,,15/09/2026 22:49
9e0da419-f503-423a-b524-1e9a1ab381e4,object.tours,available,10.99,61.99,high,low,6,namesilo,,,19/09/2026 05:21
fc48ae2f-4a21-444d-b3e5-1045d3e613ae,supposed.tours,available,5.98,81.98,high,low,8,namecheap,,,23/09/2026 20:34
f3ed03db-a13d-4343-b1cc-d9806ad7d5f6,legibly.tours,available,5.98,81.98,medium,low,7,namecheap,,,14/09/2026 11:06
4a1ffb43-b04a-4d38-9051-f48880eb036a,hedged.tours,available,5.98,81.98,medium,low,6,namecheap,,,21/08/2026 05:50
ae94c5ba-8a10-4af9-be91-bb44de65b5fc,aeroplane.tours,available,5.98,81.98,high,low,9,namecheap,,,08/09/2026 20:39
1f363b6c-52c0-4ebb-ba30-758967abe9fa,lined.tours,available,5.98,81.98,high,low,5,namecheap,,,23/08/2026 14:17
05c66d02-ec64-4977-87f5-e26bd1f72d70,clxxx.tours,available,5.98,81.98,medium,low,5,namecheap,,,
d6dcf8e4-fe3c-49e8-bc29-78521e80e1fa,dampness.tours,available,9.99,83.99,medium,low,8,name.com,,,13/08/2026 16:45
343be125-02d4-45dd-aec8-83607ede8358,diabetic.tours,available,5.98,81.98,high,low,8,namecheap,,,14/08/2026 05:36
3d5e5207-2248-4995-aeef-860f35b0e014,penal.tours,available,5.98,81.98,medium,low,5,namecheap,,,08/09/2026 13:51
3c54b0f6-955f-4e4d-a3ee-1ba4e306f0ad,gormless.tours,available,5.98,81.98,low,low,8,namecheap,,,18/08/2026 20:48
753e450c-7c92-40d5-8a80-c73fa4bdc542,audi.tours,available,,,high,high,4,,,,
520facaf-e561-4358-8637-1ee6ffdf34a0,bless.tours,available,9.99,,high,low,5,name.com,,,
aef8779b-ecfa-4086-ab44-3e4abae14465,shivaree.tours,available,10.99,61.99,high,low,8,namesilo,,,23/09/2026 06:07
4dfda2a0-21c3-428e-9475-eb8cf7a3c2d1,parody.tours,available,10.99,61.99,high,low,6,namesilo,,,23/09/2026 11:34
70751324-451f-4644-aedc-a167d0159fa5,supplier.tours,available,9.99,,high,low,8,name.com,,,
e9e47cec-81c5-4add-84df-8a94c95573ca,clustered.tours,available,5.98,81.98,high,low,9,namecheap,,,
ffdfe088-118d-436d-9105-a1be2df90d9b,variables.tours,available,9.99,,medium,low,9,name.com,,,
bf859fe2-3c64-4f3b-8249-edc71d9c1f1b,vesica.tours,available,10.99,61.99,medium,low,6,namesilo,,,24/09/2026 03:27
38e6f7cb-b237-4868-9cd8-edb030bd5727,pierre.tours,available,10.99,61.99,high,low,6,namesilo,,,24/09/2026 12:24
df8bec89-dff5-4ef2-85e6-fb98c15e999c,campaigning.tours,available,9.99,,high,low,11,name.com,,,
832bd879-20cc-4d7b-8153-81ae5085132f,turncoat.tours,available,5.98,81.98,medium,low,8,namecheap,,,06/08/2026 03:49
f1f072c0-26ed-446c-9966-b8435e9ffb62,honour.tours,available,10.99,61.99,high,low,6,namesilo,,,16/09/2026 22:47
8bef65b8-cf76-4d86-9985-a49b65c303a1,trick.tours,available,10.99,61.99,high,low,5,namesilo,,,22/09/2026 06:28
b6c49d17-0210-48fe-849f-3cc363fedfc0,ashram.tours,available,10.99,61.99,high,low,6,namesilo,,,20/09/2026 13:58
14569b7d-65ec-4fa3-b179-db0526ad8aa2,adiabatic.tours,available,5.98,81.98,medium,low,9,namecheap,,,
996d50d0-5948-440a-b3fd-be60bd9094ed,spheric.tours,available,5.98,81.98,medium,low,7,namecheap,,,08/08/2026 10:16
262ba909-a593-4840-b50c-4d59220acd94,cunning.tours,available,10.99,61.99,high,low,7,namesilo,,,24/09/2026 01:26
111db174-d469-4724-92ac-3a55ac9b11a5,jumpy.tours,available,5.98,81.98,medium,low,5,namecheap,,,11/08/2026 09:53
033b651e-ae44-42ab-9851-29a4d0edaaf3,guilty.tours,available,5.98,81.98,high,low,6,namecheap,,,20/08/2026 20:50
4c3cef48-6a43-438b-87e2-a9a45850705c,flattened.tours,available,5.98,81.98,medium,low,9,namecheap,,,18/08/2026 06:55
627ecc81-67b7-47ed-bc4b-b8e9126f7ecb,bounder.tours,available,10.99,61.99,medium,low,7,namesilo,,,24/09/2026 02:20
40b9eeb2-6bd8-4b31-8f6d-52b0ab95fe48,extant.tours,available,5.98,81.98,medium,low,6,namecheap,,,17/08/2026 18:56
bbaa749f-cb01-42e5-85ed-6f9b837cc837,misguided.tours,available,5.98,81.98,medium,low,9,namecheap,,,21/08/2026 18:57
d249ad2e-0e91-4ab2-bebc-e73a8225d966,aldebaran.tours,available,10.99,61.99,medium,low,9,namesilo,,,18/09/2026 04:20
7f0b95eb-823f-4b1e-9ab6-f53a1072cf61,digits.tours,available,9.99,,high,low,6,name.com,,,
dd83ab58-436b-436d-9bb8-38d5c4190e21,spongy.tours,available,5.98,81.98,medium,low,6,namecheap,,,10/09/2026 16:24
c8dff556-b2ce-4793-b962-94fd834d5260,alleviant.tours,available,5.98,81.98,medium,low,9,namecheap,,,04/09/2026 23:46
495e8cb7-145a-4066-b35c-5bfbad64e18a,hmong.tours,available,5.98,81.98,high,low,5,namecheap,,,21/08/2026 10:02
3304f1b5-cc99-4dc5-889d-d5ac9e77a2b1,undimmed.tours,available,5.98,81.98,medium,low,8,namecheap,,,12/09/2026 08:06
52dfdb28-ddad-45c8-9621-e73365df48f0,grassless.tours,available,5.98,81.98,medium,low,9,namecheap,,,20/08/2026 18:13
815b7b5a-2605-4a7a-bd19-ec93de526d6c,leadership.tours,resell,,,high,low,10,"GoDaddy.com, LLC",06/06/2023 08:02,06/06/2027 08:02,26/09/2026 07:10
b7cd3655-bc24-4dbc-982d-1f950b01974b,successfully.tours,available,9.99,,high,low,12,name.com,,,
9b45ac0b-ac1b-484d-b159-5ccc53f963bb,tardy.tours,available,5.98,81.98,medium,low,5,namecheap,,,09/08/2026 12:42
32c18b2a-9f0e-47a8-906e-3d0a3ec45e7a,madonna.tours,available,10.99,61.99,high,low,7,namesilo,,,24/09/2026 06:06
3e4378a9-5fc8-496a-9e68-282493bbaf57,sequence.tours,available,10.99,61.99,high,low,8,namesilo,,,24/09/2026 14:56
e84ecc28-d57c-4149-b5dd-e7c8292c1027,slimly.tours,available,5.98,81.98,medium,low,6,namecheap,,,16/09/2026 02:34
ff04b77e-056c-4704-8e5d-82c503f8bcf0,guy.tours,available,10.99,61.99,high,low,3,namesilo,,,24/09/2026 02:27
1bb5ddb0-e0c3-4947-8ea5-a171234c8323,disunite.tours,available,5.98,81.98,medium,low,8,namecheap,,,14/08/2026 11:14
83b386b6-eeb3-4d58-8e6a-acc51dc3b4db,orpine.tours,available,5.98,81.98,medium,low,6,namecheap,,,24/08/2026 07:58
fd3b1d68-2af6-4e57-a4df-2c4e46524619,briggs.tours,available,5.98,81.98,high,low,6,namecheap,,,25/09/2026 15:50
0d47eb52-96ba-4a88-b26e-1cff49674be2,denary.tours,available,5.98,81.98,medium,low,6,namecheap,,,13/08/2026 21:30
eca458b1-a0c5-4bea-98d7-6619e9325075,varying.tours,available,5.98,81.98,high,low,7,namecheap,,,13/09/2026 01:31
fd1d0a17-b657-4714-b6af-a1bf997be882,managing.tours,available,9.99,,high,low,8,name.com,,,
19f8eff8-7a88-4501-b90d-b0adae68299d,mike.tours,available,9.99,,high,medium,4,name.com,,,
10d51965-79bf-431c-bd5c-9639873a27fd,chiang.tours,available,10.99,61.99,medium,low,6,namesilo,,,25/09/2026 16:34
e3412772-3dfd-4c97-bb76-b171be1eb73b,gruntle.tours,available,5.98,81.98,medium,low,7,namecheap,,,18/08/2026 22:14
d9796cef-ef09-4ddc-a753-9f62d4e5050b,asexuality.tours,available,10.99,61.99,high,low,10,namesilo,,,20/09/2026 13:33
d2a1704a-5aea-4e16-ba73-15a0ad52bc32,acipenser.tours,available,10.99,61.99,medium,low,9,namesilo,,,17/09/2026 01:47
251baa50-010c-463e-a0a8-b30228460df3,gavin.tours,available,10.99,61.99,high,low,5,namesilo,,,26/09/2026 03:29
ef961303-ceb4-4958-980c-b9027fb87c82,organization.tours,available,10.99,61.99,high,low,12,namesilo,,,25/09/2026 03:13
b0852a0f-2eb1-4f82-965f-5b42d5738167,competition.tours,available,9.99,83.99,high,low,11,name.com,,,25/09/2026 16:42
c4184ae0-dcc5-41ca-9b03-2cad101b6cf7,notify.tours,available,9.99,,high,low,6,name.com,,,
0451fe17-e075-4c0b-8bdf-7fe611359af6,remains.tours,available,10.99,61.99,high,low,7,namesilo,,,27/09/2026 03:27
2e31417d-eb9e-47f0-bad3-a96216546d5d,punishment.tours,available,10.99,61.99,high,low,10,namesilo,,,25/09/2026 09:51
ae7178df-46a3-4e85-8a43-432f7b870dfb,neil.tours,available,10.99,61.99,high,low,4,namesilo,,,25/09/2026 13:57
38fbcd1e-7cb5-49ff-ba05-115e3f83b5fe,agreed.tours,available,5.98,81.98,high,low,6,namecheap,,,21/09/2026 23:21
9e4d5ae9-f478-4657-bb4a-15bf883e31c6,aunt.tours,available,9.99,,high,low,4,name.com,,,
f763be54-37f4-459c-b255-26a23b6b7e83,quintet.tours,available,5.98,81.98,high,low,7,namecheap,,,
97283dcc-0dd9-49a3-a111-79dc4fea4340,unsaved.tours,available,5.98,81.98,medium,low,7,namecheap,,,12/09/2026 17:57
eb4283f6-68f7-437c-8210-3cd664d9f968,kantian.tours,available,5.98,81.98,high,low,7,namecheap,,,22/08/2026 15:06
50e73eba-c6d8-4596-be8f-4a46ab474d3a,commix.tours,available,5.98,81.98,medium,low,6,namecheap,,,
88dfdec1-af80-4a8b-a5f1-8e412e878468,oft.tours,available,5.98,81.98,high,low,3,namecheap,,,14/09/2026 20:06
667cb5d5-f755-4864-bbff-5eeb71356621,barometric.tours,available,5.98,81.98,medium,low,10,namecheap,,,08/08/2026 20:06
2b571732-c191-4e8b-9a48-832c193ad949,beep.tours,available,10.99,61.99,high,low,4,namesilo,,,23/09/2026 01:26
29b9a2ea-58af-4352-9da1-e0732160433e,unexciting.tours,available,5.98,81.98,medium,low,10,namecheap,,,12/09/2026 09:32
7e24bccf-314c-405f-a42d-e71d57ce892b,hypaethral.tours,available,5.98,81.98,medium,low,10,namecheap,,,21/08/2026 16:39
3ce3c7ea-ba85-483a-937a-6bae4c178c0e,unhatched.tours,available,5.98,81.98,medium,low,9,namecheap,,,12/09/2026 12:05
0fc06d8c-0d14-44b8-9e11-b7d80ba358e6,serving.tours,available,9.99,83.99,high,low,7,name.com,,,25/09/2026 23:06
87dff28a-197b-446e-a980-4720e979bafd,livable.tours,available,5.98,81.98,high,low,7,namecheap,,,24/08/2026 07:42
cfac8a7d-78b4-40e1-a736-b6900cefacd0,faux.tours,available,5.98,81.98,high,low,4,namecheap,,,18/08/2026 00:12
693bedbb-7573-41c5-aea5-3f4519a586d0,holds.tours,available,10.99,61.99,medium,low,5,namesilo,,,24/09/2026 20:42
71090006-27c8-44d9-9240-03a439806665,alveolus.tours,available,10.99,61.99,medium,low,8,namesilo,,,17/09/2026 22:03
25fcf7fb-c86e-4734-bc75-3eb490c63506,unmixed.tours,available,5.98,81.98,medium,low,7,namecheap,,,12/09/2026 06:02
7b7770b2-0491-4bd9-b4ef-09abdcede157,bpi.tours,available,10.99,61.99,high,low,3,namesilo,,,23/09/2026 22:46
ed23a466-6795-4784-9795-12a86a91f063,contrast.tours,available,9.99,,high,low,8,name.com,,,
e87fbe33-848d-465c-8840-e09f1aa3e21f,improperly.tours,available,5.98,81.98,medium,low,10,namecheap,,,15/09/2026 04:32
660a486e-8838-447c-85e5-79834a414adc,jitney.tours,available,10.99,61.99,high,low,6,namesilo,,,21/09/2026 05:56
f609fd2c-55e3-4b11-970c-25f6fac6c2ae,contact.tours,available,9.99,,high,medium,7,name.com,,,
df7ac1ff-88cc-488d-888b-49784d0688de,audiometer.tours,available,10.99,61.99,medium,low,10,namesilo,,,21/09/2026 02:58
fe56e12c-2c0d-4026-91a4-e95095b42e89,lowland.tours,available,5.98,81.98,high,low,7,namecheap,,,24/08/2026 10:48
c0830478-df0b-4a52-8cf4-0140cea913cd,somewhere.tours,available,10.99,61.99,high,low,9,namesilo,,,16/09/2026 04:14
0b171af4-4d0c-42ab-be5d-c1fbfe4d5976,bacitracin.tours,available,10.99,61.99,high,low,10,namesilo,,,21/09/2026 14:25
5ed47384-058a-4198-8a41-b20d8dae26f2,drafty.tours,available,5.98,81.98,medium,low,6,namecheap,,,14/08/2026 18:12
b5c88148-0b38-4cb1-bb73-53441a778a5f,fairly.tours,available,10.99,61.99,high,low,6,namesilo,,,24/09/2026 16:08
6fc05c14-78be-4254-b12a-986e976931ab,vedic.tours,available,5.98,81.98,medium,low,5,namecheap,,,13/09/2026 01:37
57aadce4-c47e-4662-8003-1adc31c68d6e,napped.tours,available,5.98,81.98,medium,low,6,namecheap,,,18/08/2026 07:44
66a21b6f-f29a-41cb-87d1-616e9d4d1fa6,cloudburst.tours,available,5.98,81.98,high,low,10,namecheap,,,24/09/2026 16:03
0a0c10f1-e927-4157-8786-6af5b44e7594,undeveloped.tours,available,9.99,,high,low,11,name.com,,,
178bc752-965b-4151-9b37-d038e32c9237,begum.tours,available,5.98,81.98,medium,low,5,namecheap,,,23/09/2026 03:01
4bb643db-577d-4a9d-8583-a323a03da0cc,equipment.tours,available,10.99,61.99,high,low,9,namesilo,,,25/09/2026 10:35
f3dc60af-f26f-4331-8228-1889ad0fc6c0,outcome.tours,available,9.99,,high,low,7,name.com,,,
5f60b1dc-30f1-48ee-be42-d5467396a7e3,floppy.tours,available,5.98,81.98,high,low,6,namecheap,,,18/08/2026 08:51
464a3717-9fff-47a0-af38-a6bfa648e70d,throws.tours,available,5.98,81.98,medium,low,6,namecheap,,,19/09/2026 00:51
3e45025f-4985-477b-815e-7dcd3a0c88b0,slenderize.tours,available,5.98,81.98,medium,low,10,namecheap,,,10/09/2026 10:53
51fc4f74-1052-48e4-aa80-f4dcb5a9e3b3,voiced.tours,available,5.98,81.98,high,low,6,namecheap,,,10/09/2026 14:06
4728a2e9-3164-40a7-a0c4-6d710acc7488,censure.tours,available,5.98,81.98,medium,low,7,namecheap,,,19/09/2026 08:29
fd7f717a-c73e-4095-b159-234b2d0f96fc,platform.tours,available,10.99,61.99,high,medium,8,namesilo,,,27/09/2026 02:05
babc7a43-dc46-48bd-98dd-0fad0cabf3a1,edged.tours,available,9.99,83.99,high,low,5,name.com,,,13/08/2026 13:14
8a68fcc6-7d10-4be6-aea6-830375ff8af7,ossicular.tours,available,5.98,81.98,medium,low,9,namecheap,,,04/09/2026 18:22
b389831b-e290-4e83-9cf7-4db5bfa4193c,scandalous.tours,available,5.98,81.98,medium,low,10,namecheap,,,14/08/2026 10:26
8100c548-94f0-4d7f-9625-ba7d545e00c9,fruity.tours,available,5.98,81.98,high,low,6,namecheap,,,06/08/2026 21:00
6837c0b6-8b38-4ece-ae9c-cdebe2b1af1e,glowingly.tours,available,5.98,81.98,high,low,9,namecheap,,,14/09/2026 21:48
fbd8552c-0eeb-4ef4-a525-5cd0f7338544,exonerated.tours,available,5.98,81.98,high,low,10,namecheap,,,
e74cee6b-3eaf-4c4f-92be-ea351e234383,asinine.tours,available,5.98,81.98,low,low,7,namecheap,,,07/08/2026 02:35
c27351be-4bab-497b-abe2-b14cf3610237,catching.tours,available,5.98,81.98,high,low,8,namecheap,,,11/08/2026 21:16
48917dfd-1263-4801-8584-5f621e0380c9,anyplace.tours,available,5.98,81.98,high,low,8,namecheap,,,13/09/2026 20:15
f6db5800-078a-4b00-a7bb-48eef4802c73,etcetera.tours,available,5.98,81.98,high,low,8,namecheap,,,13/09/2026 19:52
75c01b59-1ad3-4ef3-b5c4-796f1aa144ef,adventive.tours,available,5.98,81.98,high,low,9,namecheap,,,
9b4efa2b-a308-4ed0-937a-452685b5227c,cislunar.tours,available,5.98,81.98,medium,low,8,namecheap,,,12/08/2026 08:30
dca97047-a358-496c-b44d-107c3e38448e,oodles.tours,available,5.98,81.98,high,low,6,namecheap,,,14/09/2026 23:32
8066958b-f55b-44ab-a608-b4ed4fcfdb73,pulling.tours,available,10.99,61.99,high,low,7,namesilo,,,25/09/2026 10:11
311c0dc7-0e7c-437f-be9a-edec6984267e,substantial.tours,available,9.99,,high,low,11,name.com,,,
1a37770e-cf55-428c-a7b5-e3e796ceedf6,perm.tours,available,5.98,81.98,high,low,4,namecheap,,,08/09/2026 17:34
5a49c216-7832-4868-b79b-27ef52da53ca,combatant.tours,available,5.98,81.98,medium,low,9,namecheap,,,09/08/2026 13:29
618418dc-3943-420c-8f75-9663499548e6,billy.tours,available,5.98,81.98,high,low,5,namecheap,,,23/09/2026 16:44
5cb69134-cc5c-45c9-b20a-28b4b3fa9d21,mismatched.tours,available,5.98,81.98,medium,low,10,namecheap,,,25/08/2026 01:36
abe2f65a-ebde-4f1a-b62f-e57f5a19d003,girlish.tours,available,5.98,81.98,high,low,7,namecheap,,,18/08/2026 23:59
279ca838-aee4-4658-a422-5769f5d91fc3,skilful.tours,available,5.98,81.98,high,low,7,namecheap,,,21/09/2026 17:29
1bbd1aca-fe43-4491-af84-e741b2a27208,objective.tours,available,5.98,81.98,high,low,9,namecheap,,,03/09/2026 20:47
d4f36a72-0abd-4b33-a7b2-7aedb7ff3842,diplomat.tours,available,9.99,,high,low,8,name.com,,,
d43fe82d-112b-4c22-8ff9-2e285e19ea46,sample.tours,available,5.98,81.98,high,low,6,namecheap,,,25/09/2026 10:33
3a32151f-7ffd-4277-ad5f-8539cbe05506,upwards.tours,available,9.99,,high,low,7,name.com,,,
f5742561-5fe5-4cc7-8219-150138e183f4,ann.tours,available,9.99,,high,low,3,name.com,,,
1192f8b7-3b33-4e58-997d-e77e9a49c037,lawfully.tours,available,9.99,83.99,medium,low,8,name.com,,,13/08/2026 19:09
a428a902-d491-46f2-a948-93abff5e9d46,provoke.tours,available,9.99,,high,low,7,name.com,,,
4bb58ec7-6846-4f6f-b4aa-144b25001703,teenage.tours,available,5.98,81.98,high,low,8,namecheap,,,11/09/2026 10:07
3345340c-22f3-41b8-b7b9-3d9bd951ed2f,terrene.tours,available,5.98,81.98,medium,low,7,namecheap,,,11/09/2026 10:41
f2838bcb-cebd-4473-9060-013e441aa179,verified.tours,available,5.98,81.98,high,medium,8,namecheap,,,13/09/2026 02:25
8469eade-4ce7-4633-92f8-2f1268e34b0f,bifocals.tours,available,10.99,61.99,high,low,8,namesilo,,,23/09/2026 13:53
f289eb9c-d161-43e3-825b-b4349a3d555f,obviously.tours,available,10.99,61.99,high,low,9,namesilo,,,27/09/2026 03:52
309a3021-5c17-43e4-861b-7c7e03d738db,stingless.tours,available,5.98,81.98,medium,low,9,namecheap,,,10/09/2026 20:48
193cca16-4e3a-466f-bcf6-bfd66077887a,watching.tours,available,9.99,,high,low,8,name.com,,,
99f78ab4-1d08-4a8e-b787-23854783a60c,summary.tours,available,10.99,61.99,high,low,7,namesilo,,,23/09/2026 17:08
dfa9c4dc-0bb4-40d8-8f47-47098ee06a35,reliably.tours,available,5.98,81.98,high,low,8,namecheap,,,14/09/2026 11:46
070f29dc-d444-43f3-acd8-d17fbeadf8f1,surging.tours,available,5.98,81.98,high,low,7,namecheap,,,09/08/2026 21:44
4e2c4272-e229-4277-a81f-86a2ee675f03,cyclic.tours,available,9.99,83.99,high,low,6,name.com,,,13/08/2026 13:31
9b978617-6598-47d0-96cf-0c8f9ca814a2,nancy.tours,available,10.99,61.99,medium,low,5,namesilo,,,25/09/2026 09:33
160e8202-51ef-4b7d-84a6-7a4c4c318b7a,molecules.tours,available,9.99,,medium,low,9,name.com,,,
bca5c7df-bd28-4277-b6fe-3c6a54c227c2,oswald.tours,available,5.98,81.98,high,low,6,namecheap,,,25/09/2026 08:53
f440868e-a757-478c-b757-a8e24d5ccf39,ammonium.tours,available,9.99,83.99,high,low,8,name.com,,,18/09/2026 22:10
e4ac4926-d583-4d50-a020-28dc21086e66,paint.tours,available,9.99,,high,low,5,name.com,,,
4edf4c8e-a2d4-48ca-963f-975fcf7666ef,fuzzy.tours,available,10.99,61.99,high,low,5,namesilo,,,22/09/2026 23:28
27fdd819-509e-40d5-b5f9-16874a59fa77,untired.tours,available,5.98,81.98,medium,low,7,namecheap,,,12/09/2026 21:29
9415f323-9020-40e8-abe2-41253a4a0aff,exothermic.tours,available,5.98,81.98,medium,low,10,namecheap,,,17/08/2026 17:46
b6b8ebfd-8e5d-491f-b8aa-9901604bc2db,jumped.tours,available,10.99,61.99,medium,low,6,namesilo,,,25/09/2026 19:41
5a390ad6-4e67-414d-84bc-bc4c5c6cccc3,meekly.tours,available,5.98,81.98,medium,low,6,namecheap,,,15/09/2026 01:24
a5b154ac-2345-4b0e-b7e6-57318a5a24f9,smartly.tours,available,9.99,,high,low,7,name.com,,,
4ea88196-0488-4dcc-9d70-b087dd34f52e,disrupted.tours,available,5.98,81.98,medium,low,9,namecheap,,,14/08/2026 12:19
ad02d06a-d787-4395-8280-0c213edcc66d,forsake.tours,available,5.98,81.98,medium,low,7,namecheap,,,14/08/2026 03:54
7faec792-a9ad-494d-b583-9fc1dd9c7c82,abyssal.tours,available,5.98,81.98,medium,low,7,namecheap,,,
70c8896a-88c3-4d4d-b487-d1354940ff1b,westlake.tours,available,9.99,,high,low,8,name.com,,,
2e213f19-f2a0-4b6f-8ece-0e221ef7985e,overtly.tours,available,5.98,81.98,medium,low,7,namecheap,,,15/09/2026 18:31
745ccada-03b6-4054-b760-23741f860843,deceptive.tours,available,5.98,81.98,medium,low,9,namecheap,,,13/08/2026 21:16
c19fdf52-7603-42d7-8401-fc45f81fbd57,ayin.tours,available,10.99,61.99,high,low,4,namesilo,,,21/09/2026 10:38
e347ac81-7d38-4b6a-9076-64d6702ddb7f,cooked.tours,available,5.98,81.98,high,low,6,namecheap,,,23/09/2026 22:56
3ec78824-6457-42e3-a854-5d2dd2defc23,carroty.tours,available,5.98,81.98,medium,low,7,namecheap,,,11/08/2026 19:48
796c263c-ead9-46c8-94e2-bf62593224d3,banish.tours,available,5.98,81.98,high,low,6,namecheap,,,24/09/2026 01:57
ce6ca899-93af-4ea3-815a-f2e0647efe74,bagatelle.tours,available,5.98,81.98,medium,low,9,namecheap,,,21/09/2026 17:53
569eb9f3-434d-4a56-93e3-18aa4588c323,weathered.tours,available,5.98,81.98,high,low,9,namecheap,,,13/09/2026 09:21
13aff15e-bcb5-4731-910f-ea9ed8e99c44,superfine.tours,available,5.98,81.98,high,low,9,namecheap,,,04/09/2026 21:37
26a33f90-2f97-4951-a5fe-a8c8c4033aba,dynastic.tours,available,5.98,81.98,medium,low,8,namecheap,,,14/08/2026 21:59
3d97c1aa-08a4-4291-b35c-93cce4effec0,attached.tours,available,5.98,81.98,high,low,8,namecheap,,,
f7e3088b-d503-4833-bcc4-fdbe7bf1b305,cinnabar.tours,available,5.98,81.98,high,low,8,namecheap,,,12/08/2026 05:49
dc1c6cf2-b3c8-4769-b48b-3b8ef66ef72e,recyclable.tours,available,5.98,81.98,high,low,10,namecheap,,,09/09/2026 11:31
6539426a-a8fb-4078-9316-d11e3360e3fc,sullen.tours,available,5.98,81.98,medium,low,6,namecheap,,,20/08/2026 15:06
82e1bc03-d545-4812-aa20-2016896197e4,assumption.tours,available,10.99,61.99,high,low,10,namesilo,,,20/09/2026 16:39
eb30f590-f969-494b-9c61-d6ac09073c40,fellowships.tours,available,10.99,61.99,medium,low,11,namesilo,,,21/09/2026 08:52
02e2dde2-4863-4052-a22c-dc7991330fd6,everyplace.tours,available,5.98,81.98,medium,low,10,namecheap,,,14/09/2026 16:38
eaeb29b8-3e4f-49ea-8e7b-7059d1de38fc,charabanc.tours,available,10.99,61.99,high,low,9,namesilo,,,21/09/2026 05:58
02555929-2fe2-4f94-986b-350be7fe50a7,interlaced.tours,available,5.98,81.98,medium,low,10,namecheap,,,22/08/2026 08:04
42aa0269-123a-4b7e-80ec-57ce7b51c08b,henbane.tours,available,10.99,61.99,medium,low,7,namesilo,,,24/09/2026 00:54
55ec4b4f-7dff-45f1-8d89-c66b65be48fb,octagonal.tours,available,5.98,81.98,medium,low,9,namecheap,,,04/09/2026 00:37
9d8547f0-7c29-438d-aeb1-f50211189d7c,expository.tours,available,5.98,81.98,medium,low,10,namecheap,,,17/08/2026 18:39
20ea1e71-eb82-448e-a9c1-2c030b330989,fiendish.tours,available,5.98,81.98,medium,low,8,namecheap,,,14/08/2026 01:31
34d47560-e24e-4ec6-b32b-dae77dfddef0,bosses.tours,available,10.99,61.99,medium,low,6,namesilo,,,18/09/2026 05:55
c4ae6712-c362-4b80-a52b-9bf870f6b9e8,enticing.tours,available,10.99,61.99,high,low,8,namesilo,,,22/09/2026 01:41
4947beee-54d1-420b-8500-596181f9dd2e,unclipped.tours,available,5.98,81.98,medium,low,9,namecheap,,,12/09/2026 05:25
e26e208d-e587-4601-9eff-b9aabe1fe452,henceforth.tours,available,5.98,81.98,medium,low,10,namecheap,,,15/09/2026 00:15
0f6f87b9-e5d2-45e4-951a-079c37de7ec9,ebon.tours,available,5.98,81.98,medium,low,4,namecheap,,,14/08/2026 23:08
85511c88-5a24-4c79-bd34-6c275b25dba5,baic.tours,available,5.98,81.98,medium,low,4,namecheap,,,21/09/2026 18:51
b6b12269-be40-4db5-b095-522c3eddb569,brag.tours,available,10.99,61.99,high,low,4,namesilo,,,23/09/2026 00:49
25895cb3-9c17-4821-9768-84c0e416c65a,laugher.tours,available,5.98,81.98,high,low,7,namecheap,,,09/09/2026 19:28
9284c63a-41c9-41a5-bf57-4deb005155ae,rippled.tours,available,5.98,81.98,medium,low,7,namecheap,,,13/08/2026 06:53
f274a4ff-afd0-4b37-b457-50bd56799d72,explosion.tours,available,10.99,61.99,high,low,9,namesilo,,,25/09/2026 21:57
20b2b7f5-0da3-48e4-8391-60e0dbdfd6eb,mutter.tours,available,5.98,81.98,high,low,6,namecheap,,,03/09/2026 11:12
80b977db-00af-40e6-b196-bacc7e80aaca,centres.tours,available,10.99,61.99,medium,low,7,namesilo,,,20/09/2026 08:17
370bdba6-ea4f-42c0-a0fb-7e95a4611c3e,repand.tours,available,5.98,81.98,medium,low,6,namecheap,,,09/09/2026 14:25
0383145d-e124-499c-bb6d-25c26b5fb74b,film.tours,premium,242,242,high,medium,4,namesilo,,,23/09/2026 07:55
63d7dc1f-7e41-432c-9b36-7ff39f4e170e,unitarian.tours,available,5.98,81.98,high,low,9,namecheap,,,12/09/2026 13:56
e7ee1857-8e19-4a3d-b38a-2dbdf45504c6,bomb.tours,available,9.99,,high,low,4,name.com,,,
68b86ff8-05bc-4e61-ae39-c209f9d76e6d,seas.tours,available,5.98,81.98,medium,low,4,namecheap,,,
88291eb4-0ab4-4f94-b3bc-f88923687779,oozy.tours,available,5.98,81.98,medium,low,4,namecheap,,,04/09/2026 15:30
8c77f39b-b80e-45e1-8836-b485b0549efa,depress.tours,available,9.99,,high,low,7,name.com,,,
da96ae76-626d-4d86-9cfe-5c5a0a001c19,upstream.tours,available,5.98,81.98,high,low,8,namecheap,,,12/09/2026 23:24
bd1cddd6-c6b1-4138-a94e-d55afcb5b120,hasty.tours,available,5.98,81.98,medium,low,5,namecheap,,,21/08/2026 01:15
5406e1e9-e7b6-4422-b5f5-793d826f44ce,experimentation.tours,available,5.98,81.98,high,low,15,namecheap,,,25/09/2026 14:37
6134e807-c7b8-41e9-9471-707af34d2159,bandit.tours,available,10.99,61.99,high,low,6,namesilo,,,22/09/2026 01:19
a6781c1b-53ee-42c1-b34a-b84cce48762f,leisurely.tours,available,5.98,81.98,high,low,9,namecheap,,,14/08/2026 23:02
41b44b5c-4c83-45af-847c-7baa9e8d89fa,gdp.tours,available,10.99,61.99,high,low,3,namesilo,,,25/09/2026 06:24
109ebf38-f193-4c53-9d73-d2ab779aca33,available.tours,available,10.99,61.99,high,low,9,namesilo,,,22/09/2026 14:22
574848b5-3d77-42a7-9a34-9b76796043a2,articled.tours,available,5.98,81.98,medium,low,8,namecheap,,,06/08/2026 08:28
e0945d65-ec6c-4ed3-a444-46e84fd40f82,authorized.tours,available,5.98,81.98,high,low,10,namecheap,,,22/09/2026 13:48
f5d35a78-a588-4d67-acb4-193e3bad6a6e,apc.tours,available,10.99,61.99,high,low,3,namesilo,,,19/09/2026 16:23
150d518f-3c5a-4482-8181-24bca3af1c20,courteous.tours,available,5.98,81.98,high,low,9,namecheap,,,24/09/2026 00:40
797bd6ea-cdf6-42d1-92ae-72ac11774e5d,weight.tours,available,5.98,81.98,high,low,6,namecheap,,,19/09/2026 19:07
4e9319f1-e9ff-4754-91cf-1b2ae71dac77,zone.tours,available,9.99,,high,low,4,name.com,,,
0f16a255-c1bc-454b-9ce8-ba9ea20a2ba7,activeness.tours,available,10.99,61.99,high,low,10,namesilo,,,17/09/2026 05:11
539a3d06-af17-488e-9c2f-dafd59d1c8ba,algonquin.tours,available,5.98,81.98,high,low,9,namecheap,,,
8e7d4e86-b343-43bc-93ba-e0ddcd6f5296,carping.tours,available,5.98,81.98,medium,low,7,namecheap,,,18/08/2026 00:03
4903f1de-0b97-48c9-ad7b-09b11f164c3d,starved.tours,available,5.98,81.98,high,low,7,namecheap,,,17/08/2026 13:45
9d2716b8-9c99-42ee-b679-58c7937f520a,armored.tours,available,5.98,81.98,high,low,7,namecheap,,,22/09/2026 08:00
666d49a4-28a0-454e-a7ce-f691cca24a2e,sanctum.tours,available,5.98,81.98,high,low,7,namecheap,,,21/08/2026 10:47
00edb31f-65dc-45f3-8b53-28d5edbdf7f0,biohazard.tours,available,5.98,81.98,medium,low,9,namecheap,,,23/09/2026 18:14
514c2494-0da0-481f-b672-028de017f0f3,strumpet.tours,available,10.99,61.99,medium,low,8,namesilo,,,17/09/2026 10:22
a88f2e05-14fd-4e07-8875-bde185276de0,tail.tours,available,5.98,81.98,high,low,4,namecheap,,,22/09/2026 19:11
c4401df5-4176-4786-bc2a-ba2919a410e7,caparison.tours,available,5.98,81.98,medium,low,9,namecheap,,,22/09/2026 05:11
d7d69096-9764-48d3-b8d7-681b6e2e26ba,mutative.tours,available,5.98,81.98,medium,low,8,namecheap,,,03/09/2026 11:48
d4eaa2a8-ea47-451c-859e-519e84ab19be,opposite.tours,available,10.99,61.99,high,low,8,namesilo,,,23/09/2026 22:35
7e106509-eaaa-4b12-8ffb-739226bb813c,reversed.tours,available,9.99,,high,low,8,name.com,,,
9a37e439-e9fc-4388-a813-3e98bf6170ef,revolting.tours,available,5.98,81.98,medium,low,9,namecheap,,,14/08/2026 10:45
c63ef6f8-01cc-4f29-b4cc-5b4ce2645bb3,spas.tours,available,5.98,81.98,high,low,4,namecheap,,,18/09/2026 21:33
78a088d8-3356-46ec-9c5f-eb832565e570,cimarron.tours,available,10.99,61.99,high,low,8,namesilo,,,23/09/2026 15:12
1bdbef37-be4b-4aca-99df-c869712769fd,badness.tours,available,5.98,81.98,medium,low,7,namecheap,,,08/08/2026 07:23
aaa91e4a-64aa-42df-8338-973b23c488c9,churchman.tours,available,5.98,81.98,high,low,9,namecheap,,,14/08/2026 23:29
c60ed9dc-7bd7-4b6f-b308-61843298849b,ribbons.tours,available,5.98,81.98,medium,low,7,namecheap,,,20/09/2026 07:05
4a0f8845-962d-4c45-8ee2-4f32df6273d2,barde.tours,available,10.99,61.99,medium,low,5,namesilo,,,22/09/2026 05:12
063d1c75-09ef-40d3-bbe6-520266fcdf2f,biddable.tours,available,5.98,81.98,medium,low,8,namecheap,,,
6a2513c8-badf-4859-b4ba-9757cc5d1fc0,journeyman.tours,available,9.99,,high,low,10,name.com,,,
251dac14-af26-4ad3-8800-af7bba6ff8df,function.tours,available,9.99,,high,low,8,name.com,,,
b3a365b2-6c90-47dc-b8d7-e0a0aaaee21c,treble.tours,available,5.98,81.98,high,low,6,namecheap,,,14/08/2026 16:41
233fac2e-3646-4170-8756-1d44d80147d1,bicentric.tours,available,5.98,81.98,medium,low,9,namecheap,,,09/08/2026 19:09
b62bf5b6-63ee-4f8f-8e34-c0bdd7b04805,mammary.tours,available,5.98,81.98,medium,low,7,namecheap,,,24/08/2026 14:23
aabd2665-dd1c-4813-806c-f58fb801889b,disorders.tours,available,10.99,61.99,medium,low,9,namesilo,,,20/09/2026 00:40
6f8e8047-7e4b-43e3-9cea-bf8aa1209fdd,detectable.tours,available,5.98,81.98,high,low,10,namecheap,,,14/08/2026 04:42
3f63a001-cad6-4fa3-a720-da1da12b8b68,faded.tours,available,10.99,61.99,high,low,5,namesilo,,,22/09/2026 11:25
06dc41ed-fdff-4ae7-b1c8-ac2a5338ab90,gleaming.tours,available,5.98,81.98,high,low,8,namecheap,,,
d7fa51cc-c98b-4a13-b002-7ef1d5b98c4c,ballet.tours,available,10.99,61.99,high,low,6,namesilo,,,21/09/2026 22:51
631a8fc5-ea6d-42a2-9213-b311b2a8cd72,deadlocked.tours,available,9.99,83.99,medium,low,10,name.com,,,13/08/2026 19:27
4a28d9c7-885a-436f-8314-f3854040ba9b,sweet.tours,resell,,,high,low,5,"Sav.com, LLC - 28",23/05/2026 15:15,23/05/2027 15:15,26/09/2026 09:27
849a3bc4-82f8-4793-89f6-ec85f99826da,explore.tours,resell,,,high,medium,7,"Sav.com, LLC",28/03/2026 18:17,28/03/2027 18:17,26/09/2026 05:57
5d1f4dcb-c66a-4864-ae1d-e89982ffdc1c,seasonally.tours,available,5.98,81.98,high,low,10,namecheap,,,16/09/2026 00:48
9edbcdd7-c334-42cb-8971-83d9a967cbc7,motional.tours,available,5.98,81.98,medium,low,8,namecheap,,,25/08/2026 07:22
03c38f75-7e48-4bb5-bc34-c389943262c2,tilefish.tours,available,10.99,61.99,medium,low,8,namesilo,,,24/09/2026 04:04
4ce3a073-a714-47c1-b470-33a57688e435,blanc.tours,available,5.98,81.98,high,low,5,namecheap,,,24/09/2026 03:47
264ebc26-2235-40d8-9e82-6fa2f6ae95e7,jules.tours,available,5.98,81.98,high,low,5,namecheap,,,25/09/2026 15:01
e8e3bc23-3103-4018-bbe5-bb81a5b5b36c,greenish.tours,available,9.99,83.99,medium,low,8,name.com,,,13/08/2026 18:01
3c40f757-38a9-4598-8ef1-61e6be845c05,botchy.tours,available,5.98,81.98,medium,low,6,namecheap,,,10/08/2026 20:53
c4a6f349-4873-412a-8ba6-4672c70857fa,grow.tours,available,5.98,81.98,high,medium,4,namecheap,,,25/09/2026 18:10
45b0f43e-bac8-4e77-99f7-d07f5bee6454,weeping.tours,available,5.98,81.98,high,low,7,namecheap,,,12/08/2026 00:52
aab0ed84-617f-4f99-9864-68421061eba4,semisoft.tours,available,5.98,81.98,medium,low,8,namecheap,,,10/09/2026 03:24
2a5f2967-4036-49d8-9a12-b5607919c655,mohammedan.tours,available,5.98,81.98,medium,low,10,namecheap,,,25/08/2026 03:23
22e0fd4f-788a-48e0-abc8-92c3353fadc5,scientifically.tours,available,9.99,,medium,low,14,name.com,,,
1c9e6f8a-14d8-40c6-b765-4a883a4d783b,settled.tours,available,5.98,81.98,high,low,7,namecheap,,,12/08/2026 17:27
2ea3b8d6-1a44-46e2-ab08-a5f7198cda7d,outdo.tours,available,5.98,81.98,high,low,5,namecheap,,,09/08/2026 17:43
ad90f529-1258-4576-9f85-e4ed1a438b58,dedication.tours,available,10.99,61.99,high,low,10,namesilo,,,18/09/2026 10:32
b7a610dc-0a98-4915-8708-ebbf7f2abde1,messages.tours,available,10.99,61.99,high,low,8,namesilo,,,18/09/2026 22:11
0b2c7cf3-f94f-4b3e-8a1e-92b11d64c312,ungrateful.tours,available,5.98,81.98,medium,low,10,namecheap,,,11/09/2026 12:26
f7671839-b072-4d56-8d29-14fc409e68e8,returning.tours,available,9.99,,high,low,9,name.com,,,
9409efb4-efe1-4096-b7ac-ed687b32cc34,sachs.tours,available,10.99,61.99,medium,low,5,namesilo,,,27/09/2026 01:53
7fc54c52-3b15-4240-a395-902fcb3c2a05,downright.tours,available,5.98,81.98,high,low,9,namecheap,,,14/08/2026 17:50
e2d334c9-5518-4a84-b4e6-0bd4f6ef8d3d,und.tours,available,10.99,61.99,high,low,3,namesilo,,,25/09/2026 11:22
fb399f41-dad5-41d1-adfb-0a68e3059ec1,sixtieth.tours,available,5.98,81.98,high,low,8,namecheap,,,
24fc6498-6e54-4e93-b88d-93c6ee9ffa35,seconds.tours,available,10.99,61.99,high,low,7,namesilo,,,25/09/2026 18:47
175e4663-b8e7-4eb2-9685-1a72416d7275,jefferson.tours,available,10.99,61.99,high,low,9,namesilo,,,25/09/2026 23:16
987635a6-bf50-4967-96dc-eaa96d977369,backfield.tours,available,5.98,81.98,high,low,9,namecheap,,,21/09/2026 15:27
ae9077a4-c3bf-4af8-a7a7-7257ea4cd469,rube.tours,available,5.98,81.98,medium,low,4,namecheap,,,21/08/2026 08:03
581c4755-1841-443e-a0c3-dde4ddf1c343,blown.tours,available,5.98,81.98,high,low,5,namecheap,,,10/08/2026 15:36
3bdd5bbc-99b9-4143-b9e1-e4e48fa171ca,indelibly.tours,available,5.98,81.98,medium,low,9,namecheap,,,15/09/2026 07:53
e6d5beeb-8da7-481d-9ed6-d7fd0f40d003,grandchild.tours,available,9.99,,high,low,10,name.com,,,
9707908f-6604-4127-aebd-b8c31fe9cb0e,desolation.tours,available,10.99,61.99,medium,low,10,namesilo,,,22/09/2026 05:24
44b8dde4-7da6-486c-8dc4-fc1593997174,developing.tours,available,10.99,61.99,high,low,10,namesilo,,,24/09/2026 07:59
7a14d76c-58db-4cf9-bf28-297ccbad6c18,admirable.tours,available,10.99,61.99,high,low,9,namesilo,,,21/09/2026 18:46
c73f7244-c448-42f9-9264-9cca90e811e5,chirpy.tours,available,5.98,81.98,high,low,6,namecheap,,,12/08/2026 06:03
1ca83b4f-14c2-4541-bbda-a1ed4d1e83e2,customer.tours,available,9.99,,high,low,8,name.com,,,
2f23d859-7b58-4cee-997f-bc60b2994515,ammo.tours,available,10.99,61.99,high,low,4,namesilo,,,18/09/2026 22:06
1ec36478-bc62-4462-a65a-019fc82eda7e,voter.tours,available,9.99,,high,low,5,name.com,,,
2d059646-b422-4555-8d01-580c4007de88,fiercely.tours,available,9.99,,medium,low,8,name.com,,,
b1e3881f-b7dd-4872-a179-29668879121f,wages.tours,available,9.99,,high,low,5,name.com,,,
072d70ca-4afc-46a2-a13b-031a05676d65,employable.tours,available,5.98,81.98,high,low,10,namecheap,,,16/08/2026 18:22
3eaf97d7-99d4-426b-b23b-39377bbed84f,anglomania.tours,available,5.98,81.98,high,low,10,namecheap,,,19/09/2026 06:51
3f278f63-172b-40eb-8181-e27c88212843,erosion.tours,available,5.98,81.98,high,low,7,namecheap,,,13/09/2026 09:06
ab5bf8e3-ece4-463c-827a-e3dc5a6fd491,unhinged.tours,available,5.98,81.98,medium,low,8,namecheap,,,11/08/2026 01:52
2db7c7e4-60ff-488b-b034-3dd0626c01a2,bayard.tours,available,5.98,81.98,medium,low,6,namecheap,,,22/09/2026 17:54
a29bdf0c-54f2-4728-a161-12ce8e84d9cf,blooded.tours,available,5.98,81.98,high,low,7,namecheap,,,10/08/2026 15:18
ea5caff9-d39e-4e46-ba3f-dbf3a81ee40b,symons.tours,available,5.98,81.98,high,low,6,namecheap,,,20/09/2026 11:07
264624db-f71a-4cae-9315-7cbda681e6a3,gratitude.tours,available,9.99,,high,low,9,name.com,,,
b9543bb2-fe3a-47a7-b9a4-399b390e8e99,blackfish.tours,available,5.98,81.98,medium,low,9,namecheap,,,24/09/2026 01:55
9b1bc436-b06a-4fa6-b08b-9c81f068b12e,abacus.tours,available,10.99,61.99,high,low,6,namesilo,,,16/09/2026 13:45
35ed3e26-3ff3-463a-a427-b8ca013ca774,ordinance.tours,available,5.98,81.98,high,low,9,namecheap,,,09/09/2026 13:13
a2587782-417b-4500-bf1d-efcc46d6a40c,forgive.tours,available,9.99,,high,low,7,name.com,,,
153b51ce-42d4-4c1c-b0f0-6ba346a72503,rasping.tours,available,5.98,81.98,medium,low,7,namecheap,,,20/08/2026 18:29
575d78dc-c2ec-4a07-b770-5a4e3d9b771a,vowels.tours,available,10.99,61.99,medium,low,6,namesilo,,,20/09/2026 00:07
8e0696fb-bdad-4666-921a-38e57cf3db3f,brainwash.tours,available,9.99,,high,low,9,name.com,,,
da2df8cc-680b-4634-bfa8-2d36a2b1e0e3,chinch.tours,available,10.99,61.99,medium,low,6,namesilo,,,22/09/2026 22:46
3247d075-39be-462a-b156-bf98e474c6fd,heating.tours,available,5.98,81.98,high,low,7,namecheap,,,13/09/2026 08:24
794495f2-b390-4852-8437-308c70160689,pounding.tours,available,5.98,81.98,high,low,8,namecheap,,,11/09/2026 14:51
a66c6a37-f4cd-4264-81aa-47a15b1aec5d,picks.tours,available,10.99,61.99,high,low,5,namesilo,,,20/09/2026 07:23
36ee87ff-cf46-4015-9481-7a41f2e71017,terbium.tours,available,10.99,61.99,medium,low,7,namesilo,,,20/09/2026 23:28
e6fcfc95-f7e1-4fb0-9300-6de2447c9a54,trading.tours,available,9.99,,high,low,7,name.com,,,
0bb2ac30-dcf0-4f75-bc82-587847a3a455,zooming.tours,available,9.99,,high,low,7,name.com,,,
fb2e21f1-96b8-4341-a624-63d38e3954fe,extensile.tours,available,5.98,81.98,medium,low,9,namecheap,,,17/08/2026 19:01
d4c2980b-0d73-4ab9-869f-6f18da3e0aa4,bigger.tours,available,5.98,81.98,high,low,6,namecheap,,,22/09/2026 20:34
a9dc53f2-a184-4a45-81e6-d49cb0576227,invariable.tours,available,5.98,81.98,high,low,10,namecheap,,,12/08/2026 22:58
dca7c82f-116e-4ea3-bbdd-1ba4487e509d,apophthegm.tours,available,5.98,81.98,medium,low,10,namecheap,,,19/09/2026 17:11
62f6fd54-70b9-4528-8d45-aacf5d028ee6,doris.tours,available,5.98,81.98,high,low,5,namecheap,,,27/09/2026 03:46
9ac3321f-8581-4345-8c2a-f554e73474cb,state.tours,available,,,high,medium,5,,,,
ece0ecde-3554-4a79-b65b-88813c6cf842,discourse.tours,available,10.99,61.99,high,low,9,namesilo,,,23/09/2026 22:52
c843ed73-db4f-4854-9c0c-5d8e3e0ad2d0,household.tours,available,9.99,,high,low,9,name.com,,,
f8dbb0b5-8e62-4f31-98e2-65f0d081e295,arbovirus.tours,available,10.99,61.99,medium,low,9,namesilo,,,20/09/2026 00:52
3c1b5ee1-057d-4eb6-959c-35850ba36e45,monied.tours,available,5.98,81.98,high,low,6,namecheap,,,25/08/2026 04:39
075b96c6-4ea5-44b0-91c0-d97c2db90b7e,prideful.tours,available,5.98,81.98,medium,low,8,namecheap,,,17/08/2026 19:48
bdc9105c-2243-4467-bf37-d621eaa5518d,maxi.tours,resell,,,high,low,4,OVH SAS,24/03/2018 08:57,24/03/2027 08:57,26/09/2026 07:28
31ccc6ca-1db0-4766-9bd0-682dc775c17d,letter.tours,available,5.98,81.98,high,low,6,namecheap,,,24/09/2026 02:40
f6c56c27-f4de-477b-b97e-7330b9a6a82f,hectic.tours,available,5.98,81.98,high,low,6,namecheap,,,18/08/2026 03:09
eda86426-1208-4bf4-b04f-5b4268f21719,banning.tours,available,5.98,81.98,medium,low,7,namecheap,,,18/08/2026 11:11
6d58a1e2-70d0-4d88-97d9-ac5a04f79fd0,dun.tours,available,5.98,81.98,medium,low,3,namecheap,,,14/08/2026 21:12
31c4ea66-0b8b-4f78-95cc-dda5dd82ca76,athar.tours,available,5.98,81.98,high,low,5,namecheap,,,20/09/2026 19:25
81709611-6422-4d9b-b2c0-887b75bc9aff,conjugal.tours,available,5.98,81.98,medium,low,8,namecheap,,,12/08/2026 22:07
89ccc887-5641-4756-97a0-5fc9a7af31b0,enumerable.tours,available,5.98,81.98,medium,low,10,namecheap,,,13/08/2026 03:30
bd087879-ab83-44a1-83ef-9df92af36bee,shakable.tours,available,5.98,81.98,medium,low,8,namecheap,,,10/09/2026 05:32
7542db5e-5b6b-46b1-9b83-a6a5dc6fba92,chevalier.tours,available,5.98,81.98,high,low,9,namecheap,,,11/08/2026 22:49
4ade2a02-5708-401b-99d7-dc79770114db,synaptic.tours,available,5.98,81.98,high,low,8,namecheap,,,11/09/2026 06:09
8fc6302b-794f-4fc2-88e2-dc0ec18b9b14,drawback.tours,available,10.99,61.99,medium,low,8,namesilo,,,24/09/2026 23:54
2a0bb14d-792b-41c4-ac2e-02599bf0b287,abruptly.tours,available,9.99,83.99,medium,low,8,name.com,,,13/08/2026 19:17
c6aa5af6-8b95-4a65-bd21-5cd5edd122da,propelling.tours,available,5.98,81.98,high,low,10,namecheap,,,09/09/2026 03:30
3cb967c0-f9e6-4a26-8fd8-3c99f6e020b1,slideshow.tours,available,9.99,,high,low,10,name.com,,,
2a36c6f6-1f69-4218-a5af-c36967fdc08c,nontaxable.tours,available,5.98,81.98,medium,low,10,namecheap,,,03/09/2026 20:54
a873166f-b32a-4e65-8d06-a8d3d07cad28,kurrat.tours,available,10.99,61.99,medium,low,6,namesilo,,,18/09/2026 11:14
ae87d937-d7b2-430c-9cae-f3d9e9cdbe5d,alumna.tours,available,5.98,81.98,high,low,6,namecheap,,,20/08/2026 17:44
d75eaea8-a2ee-4b6e-aff1-052796073031,affiant.tours,available,10.99,61.99,medium,low,7,namesilo,,,17/09/2026 14:22
d5174284-980b-457e-b1a7-3ff47234f49c,controlled.tours,available,10.99,61.99,high,low,10,namesilo,,,23/09/2026 22:39
7ffb4e41-9226-43e7-b49f-5b1978229d4a,unsung.tours,available,5.98,81.98,medium,low,6,namecheap,,,12/09/2026 20:49
a37701f3-60c5-4e2d-9523-ede1627b9832,imposing.tours,available,5.98,81.98,high,low,8,namecheap,,,08/08/2026 20:16
e56bf62e-5581-4abf-a371-6b79520fce91,excision.tours,available,10.99,61.99,medium,low,8,namesilo,,,16/09/2026 16:06
1a3b0ff6-a70e-4077-83b8-148c59e106c9,agog.tours,available,5.98,81.98,high,low,4,namecheap,,,
b64b0ff2-6c1a-4f4d-8dea-4200c30fd942,spurious.tours,available,5.98,81.98,medium,low,8,namecheap,,,09/08/2026 00:03
0a6bc743-65aa-40de-986e-d406c608f762,chain.tours,available,9.99,,high,low,5,name.com,,,
53d6dc19-1452-46f1-8a78-0fdfb0fee4fa,adds.tours,available,10.99,61.99,medium,low,4,namesilo,,,18/09/2026 14:32
a2599ea9-b284-4230-8194-e1b81eb016bb,undefeated.tours,available,5.98,81.98,high,low,10,namecheap,,,12/09/2026 07:12
d6839a8b-d47c-423e-ab66-f98a54e48323,barrage.tours,available,10.99,61.99,medium,low,7,namesilo,,,22/09/2026 07:57
ea7ad138-548e-4d0a-9276-09d1f14f7343,poetic.tours,available,5.98,81.98,high,low,6,namecheap,,,08/09/2026 22:33
a1a65ac8-2b81-4773-88f2-fa7c566d448e,bentham.tours,available,10.99,61.99,high,low,7,namesilo,,,23/09/2026 08:40
fc65122b-b940-407d-8a1b-7a42c143158b,aladdin.tours,available,,,high,medium,7,,,,
abdccf19-d5a4-4cbf-aa1c-453f83917413,moneron.tours,available,5.98,81.98,medium,low,7,namecheap,,,25/08/2026 04:30
d00c3f1e-5fd0-42fa-809a-7935d6e6e4fe,best.tours,resell,,,high,medium,4,"GoDaddy.com, LLC",04/07/2015 16:00,04/07/2027 16:00,26/09/2026 04:23
fd50ce27-d92b-4e9b-9b5b-43ceb9673eb3,glittery.tours,available,5.98,81.98,high,low,8,namecheap,,,
bff47ae5-c068-4e50-a349-daca9a68a44c,sack.tours,available,5.98,81.98,high,low,4,namecheap,,,03/09/2026 15:56